0Os4Sb8_011,0.147808245
1Ca12Si6_210,0.068691008
2Ir8Sn16_211,0.075405365
3Al2Au4_001,0.109795131
4Cu30Pd10_221,0.113282948
5Ca8Pd8Si8_11-1,0.083691054
6Ca8Pd8Si8_10-1,0.087126153
7Ga8Sn16V16_110,0.091431065
8Al3Cu_001,0.090291035
9Al2Na2Si2_001,0.063570765
10Pt4Sn16_111,0.0489464
11Ca2Cu4Sn4_110,0.064342133
12Ir4Re12_100,0.241593989
13Al8Cu24_110,0.118947857
14As16Rh8_010,0.087071658
15Pb8Rh4_110,0.072804222
16Al8Cu24_110,0.116090443
17Al8Cu24_110,0.114431056
18Ge12Pt12_021,0.104918845
19Ru12Sb24_212,0.098451579
20Al8Ca12Si8_110,0.063574643
21As12W8_100,0.129022543
22Ni12Sb4_001,0.115038329
23Ir16Sb16_2-12,0.09705213
24As4Fe4Mn4_100,0.132346897
25Re12_111,0.235248097
26Au12Nb6_111,0.136016052
27Si8W4_110,0.159300949
28Pt16W8_111,0.168338335
29Al16Pt16_110,0.14428902
30As4Cu4Zn4_001,0.031359921
31Co8Zn24_111,0.096144781
32Ca6Ge12_211,0.052096829
33Pt8Sb8_101,0.0627398
34As4Fe4Sb4_010,0.129868942
35Al6Pd3_111,0.130274708
36As16Fe16Sb16_212,0.098912607
37Al26Os8_110,0.12597904
38Co24W8_102,0.228435815
39Ca6Cu30_111,0.08506975
40Ca16Ge8_211,0.058527341
41Pd6Sn2_100,0.104551429
42Pd8Sn24_110,0.056023573
43Al4Ca2Ge4_100,0.064478477
44Au18In12_210,0.055836778
45Sn4Ti8_100,0.119563888
46Ca12Cu4Sn14_110,0.060647853
47Al24Cu8_221,0.09270442
48Ca6Ge12_102,0.06642009
49Fe12Sb24_221,0.075941945
50Ni6Sb12_111,0.062829702
51Al8Mn8_221,0.127200628
52Au8Ga8_100,0.062024804
53Ca12Cu4Sn14_110,0.053760642
54Ca8Zn8_111,0.058947858
55Ca8Zn8_111,0.045173044
56Ni24Si12_102,0.129817772
57Au12Ti12_120,0.12081425
58Mn4Zn12_110,0.121739989
59Ga6Ni4_001,0.127996962
60Ir12Ru12_221,0.226218957
61Co16Ge16_010,0.113244195
62Ir12Si12_101,0.179557071
63Ni6Sb12_012,0.064322152
64Os8Sb16_021,0.115274849
65Pt8Sb8_110,0.049656738
66Au6Na12Sb6_111,0.036087729
67Co8Sb16_100,0.062129142
68Ca8Ge16_2-12,0.045705183
69Ni4Sb8_010,0.065864635
70Pt20_221,0.133713961
71Al12Au12_111,0.074298213
72Cu8Pd8_211,0.120595072
73Al6Pt3_111,0.082125356
74As4Pb8Pd12_001,0.067513
75Al6Cu3_111,0.085196226
76Ag4In8_101,0.040341121
77Al4Au8Ti4_110,0.087284877
78Ga6Ni10_001,0.129454668
79Ga18Ni12_102,0.129239272
80Na8_211,0.015981868
81Al24Ti12_112,0.134365852
82Al24Mo9_111,0.151854229
83Ga10Rh6_001,0.103292835
84Ir4Sn8_110,0.066092352
85Au12Sn12_210,0.050391971
86Ca4Cu20_110,0.089197604
87Al24W2_110,0.115536653
88Ir12Si12_012,0.155317069
89Au8Ga8_011,0.063292959
90Ag3Pt15Si3_101,0.120710723
91Ga24Ni16_201,0.118700642
92Ni24Sb8_021,0.11224037
93Mn8Rh16Sb8_211,0.092621239
94Rh12Si12_11-2,0.129149587
95Cu6Ga6Pt12_111,0.102104045
96Pt12W6_100,0.17483714
97Au3Ga6_111,0.04733388
98Cu2Ni2Sb4_001,0.062756243
99Si24V12_111,0.180511183
100Fe6Rh12Sn6_211,0.136095609
101Cu2Ni2Sb4_001,0.093259481
102Al12Fe6Ni6_210,0.165333213
103H12V24_21-1,0.179836772
104Al12Ni8_111,0.134973664
105Al12Ni8_111,0.139996393
106Au8Ca4Si8_110,0.074388053
107Rh12Si12_012,0.148840529
108As12Fe12_111,0.115684136
109Au4Sn16_010,0.025951098
110As8Fe8Sb8_112,0.100203183
111Rh8Si4_001,0.17309234
112Si16W8_111,0.177916085
113Ir8Sn8_110,0.10184297
114Al24W6_001,0.120106369
115Co24Ge24_22-1,0.130540231
116Au8Ca4_110,0.06089516
117Ga4Ti8_100,0.138270574
118Ga6Ni4_001,0.101133469
119Rh16Si16_021,0.155950037
120Ge12Os6_111,0.132344655
121Ru32Sb32_212,0.119746644
122Ir12Si4_110,0.203826516
123Ir12Si4_110,0.198472159
124Al8Cu8Pt16_112,0.132144979
125Ir16Si16_021,0.179406655
126Ag3Ca6Ge3_111,0.050583091
127Pt18V6_211,0.169609333
128Ga24Pt16_2-12,0.098076118
129Al26Os8_110,0.129607793
130Al8Pd16_010,0.117066316
131Fe3Si6_100,0.1788921
132Al4Cu12_100,0.118922852
133Al8Pd16_010,0.123858596
134Mo4Si8_112,0.174418214
135Al12Cu4_110,0.089468932
136Co8Sb16_001,0.098133796
137Al2Au4_001,0.083440689
138Co8Sb16_001,0.064219018
139Cu4In4Pt8_101,0.106792899
140Al3Cu9_111,0.121158559
141Cu12Ge4_001,0.08618044
142Ge6Na12Zn6_111,0.044518023
143Rh8Si8_001,0.174982023
144Rh8Sn16_211,0.066064837
145Rh8Si8_100,0.210617814
146As16Nb8_101,0.127958557
147Pd10Zn10_212,0.108926979
148Al24W6_001,0.121320261
149Ir12Rh4_110,0.201124166
150Ga6Ir3Rh3_111,0.11342429
151Fe6Ni6_111,0.204987436
152Al4Ca6Si4_001,0.105434661
153Os8Sb16_110,0.122528548
154Pd16V8_102,0.153495585
155Ag24Al12_112,0.075930826
156Cu2In2Pt4_100,0.110236336
157Ca24Zn8_101,0.040287
158Al12Ru6_111,0.156960076
159Cu4Ni8Sb4_110,0.070353035
160Ca12Cu4Sn14_111,0.059181579
161In10Pt10_001,0.091359539
162Ni6Sn8_110,0.088829458
163Re3V6W3_111,0.237830078
164Ni20_221,0.168109284
165Mn4Rh8Sb4_110,0.114096214
166Al24W6_021,0.126118987
167Al16Cu8_112,0.080043291
168Al12Pt8_111,0.124476458
169Ca8Ge16_2-12,0.062667412
170Al8Pd16_101,0.125358255
171In20Pt20_221,0.092072834
172Ni24Sb8_110,0.111101364
173As4Fe4Sb4_010,0.133217228
174Ni24Sb8_110,0.111117526
175Ca8Cu8Ga4_110,0.071856388
176Al16Au8_211,0.096176931
177Ca8Cu8Ga4_110,0.073645929
178Ca16Cu16Ga8_111,0.067706995
179As12Co12_012,0.099941138
180Pt6Zn18_211,0.097338194
181H6V12_11-2,0.178130214
182Au4Sn16_111,0.037400691
183Ir8Sb8_111,0.095338327
184Al4Pd4_110,0.086508869
185Fe6Sb12_110,0.10181028
186Co16Ti8_100,0.183780676
187Au18Pd6_211,0.090602552
188As8Co4_010,0.112266292
189Al6Os12V6_210,0.219886962
190Ca8Zn8_011,0.053474888
191Cu4Sn4_100,0.081694435
192Os4Sb8_001,0.087810551
193Al12Ru6_100,0.178926887
194Pt4Zn12_110,0.089516928
195Au4Ca12_010,0.044457875
196Ca8Zn8_011,0.055774308
197Ni4Si8_100,0.123691791
198Ni24Si12_101,0.158912013
199Fe2Ni2Pt4_100,0.161662168
200Ti24_2-12,0.1377282
201Co16Ge16_101,0.111956946
202Au12Ti12_121,0.117073639
203Ga6Ni6_111,0.105991325
204Ca4Cu8Sn8_11-1,0.070399981
205Cu6Pd6_111,0.129496271
206Os16Sb32_201,0.113193157
207Ag3Pt15Si3_102,0.121902304
208Pt8Sn12_101,0.066268353
209Al6Pd10_001,0.117612566
210Al8Cu4_110,0.107101162
211Cu24Ge8_110,0.0930345
212Al20Mo4_100,0.134924361
213Ag2Au6_100,0.070945095
214Al10Cu10_110,0.11233693
215Cu18Pt18_2-12,0.144500313
216Rh6Sb2_100,0.138856456
217Cu2Fe2Pt4_100,0.144053171
218Ca2Ge4_001,0.156861989
219Ru8Sb8_001,0.130452535
220Pt12W6_121,0.195802127
221Pt4Re12_100,0.250503382
222Ru8Sb8_001,0.100224239
223Al2Cu6_100,0.121625992
224Pt4Re12_100,0.187106365
225H8Rh8_110,0.128647766
226Ca4_001,0.032188441
227In12Pt6_210,0.073910983
228Rh8Si8_001,0.173930694
229Pt10Sb2Si2_100,0.103889689
230Ru16_2-12,0.231370621
231Al12Ni4_001,0.115435598
232Au8Ti2_110,0.094134859
233Rh8Si8_001,0.151223546
234Ga12Os6_111,0.150277286
235Al24W6_110,0.147560948
236Na16Si16_110,0.022974527
238Au16_211,0.07485742
239Al3Au6Mn3_111,0.091494804
240As4Ca8_001,0.109613846
241Co12Si12_111,0.177455868
242In10Pt10_11-1,0.072007868
243As18W12_11-1,0.106174418
244Ca4Cu4Ga2_011,0.054280882
245Co6Sb12_111,0.079566143
246Co8Sb8_111,0.110192332
247Al12Ni24_211,0.152047493
248Al3Cu_001,0.10412468
249Al24Ni8_010,0.119774192
250Co16Ge16_10-1,0.128432086
251Al12Pd20_010,0.115551277
252Ga8Os4_010,0.127187355
253Ga12Ni24_210,0.12973434
254Pt4W2_011,0.201306483
256Ga8Ti16_111,0.143794741
257Rh16Sn8_010,0.130758806
258Ni12Sn16_10-1,0.08730894
259Rh16Sn8_010,0.112110094
260Al3Cu6Mn3_111,0.134076586
261Os4Sb8_011,0.096373534
263Cu24Ge8_021,0.087714989
264Ge20_221,0.067612983
265Cu8Fe16Ge16_021,0.126568993
266Ni9Pt9_211,0.154286592
267Au12Ti12_102,0.120721212
268Re16_110,0.214309395
269Rh16Sn8_010,0.115977677
270Al6Au12Mn6_210,0.093373731
271Mo4Si8_112,0.179976172
272Ca8Ge16_110,0.059821215
273Ga4Sb4_110,0.034017839
274Au8Ca8_011,0.062138505
275Ir4Re12_110,0.224334956
276Pt12V4_100,0.1627042
277Ge8Pt8_011,0.098244237
278Au8Ca8_011,0.06243808
279Cr4Rh8Sn4_110,0.136825275
280Al12Re2_001,0.112051738
281H8V16_021,0.197467009
282Rh8Sb16_110,0.087621848
283Al6Ni10_010,0.142296296
284Rh12Si12_110,0.142249493
285Ir3Re9_101,0.248905958
286Ir3Re9_101,0.245697175
287Rh12Si12_11-2,0.153264948
288Co4Si8_100,0.159151128
289Cu12Pt12_102,0.143511354
290Ir12Sn12_211,0.108580751
291Ag12Pd4_100,0.083003919
292Au20_221,0.069033628
293Au8Cu8Zn16_110,0.083766262
294Re18_211,0.235477538
295Rh16Sb8_011,0.119033946
296Al4Cu8Ti4_100,0.138002397
297Al4Au8_110,0.054206879
298Rh8Sb16_010,0.106650676
299Ru8Sb16_021,0.105046167
300Ni12Si12_012,0.155412317
301As16Nb8_10-2,0.119235847
302Ca16Cu8_011,0.048833677
303As12Au12Ca12_210,0.066711642
304Ni24Si12_210,0.135405059
305Ni4Si4_001,0.130225276
306Ga4Ni8_001,0.125129777
307As12Mo8_100,0.054241334
308Ni4Si4_001,0.213870712
309Al18Ni12_210,0.122905291
310Rh12Sb4_110,0.125898987
311Al8Au16_111,0.06224086
312Al16Ru8_100,0.163478737
313Cu24Pt8_211,0.123643339
314Al8Ca4_100,0.072057404
315Au4Rh4Zn8_100,0.113826849
316Ca8Ga16_110,0.072059987
317Ir8Ru8_201,0.209680162
318Ge12Os6_111,0.098622283
319As16Co8_021,0.113784668
320Ni8Sb16_210,0.069519199
321Au8Cu8Zn16_110,0.089961498
322Ge8_100,0.099420637
323In6Pd18_211,0.108265798
324Ga6Pt3_111,0.061982849
325Al6Pd10_001,0.123970786
326Al8Ca12Si8_102,0.078209709
327Ca8Zn8_011,0.055174131
328As2Au2Ca2_001,0.057799739
329Ca8Zn16_101,0.06502456
330Al8Mn8_112,0.124440465
331Pd12Sb12_210,0.061017355
332Mo16Si32_201,0.197665842
333Ga8Ir4Ru4_110,0.12626556
334Al8Cu4_110,0.091317432
335Rh16Si16_20-1,0.128139213
336Ti12_001,0.142802166
337Al2Ti2_001,0.133642557
338Pt6Zn6_111,0.127577816
339As16Fe16_110,0.127068984
340Co8Si8V8_001,0.209637829
341Al24Mo9_11-1,0.156447603
342Al12Pd8_111,0.111906481
343Ca12Cu4Sn14_11-1,0.053721365
344Ru12Zn36_102,0.12777608
345As3Cu3Zn3_102,0.06124752
346Cu8_110,0.118669608
347Cu4Fe4Pt8_101,0.142392527
348Ca24Zn8_201,0.040575416
349Cr16Ti8_100,0.208952213
350Ca24Zn8_100,0.038395961
351Ge12Os6_11-1,0.107007964
352As24Co12_120,0.093761861
353Al24Re2_110,0.106474563
354Au4Ca2Si4_001,0.093507772
355Co6Pt6_201,0.1598022
356Rh18Sb6_111,0.104864696
357Pd6Zn6_201,0.112186962
358Al8Pd16_011,0.128940728
359Co16Si16_110,0.192911425
360Ca12_211,0.033968389
361Ga12Ir6Rh6_210,0.120708449
362Al18Ni12_211,0.137364592
363Ir6Ru6_110,0.230031311
364Au8Ti2_110,0.117350333
365As8Fe8_001,0.121029072
366Fe6Pt2_100,0.199996947
367Al3Au6Ti3_111,0.088668247
368Ag4Ti8_112,0.142922672
369Co8Sb8_101,0.102086687
370Rh16Si16_10-2,0.167499516
371Al8Pd16_100,0.117721706
372Au4Ga8_100,0.070751505
373Al18Cu12_210,0.079664636
374Pd8Si8_010,0.116155197
375Ge8Pt8_100,0.087237119
376Rh16Si16_021,0.162031898
377Ag4_100,0.062828241
378Rh16Si16_021,0.168365242
379Cu12Si4_112,0.077567517
380As24Fe12_221,0.098845598
381Ga4Mn8V4_100,0.18660049
382Cu24Si8_110,0.100196637
383Ir9Ru9_212,0.21699657
384Ir12Sn12_201,0.117495222
385Ir8Re24_111,0.209833394
386Pt8Sn8_111,0.088322072
387As18W12_110,0.134593312
388Ga6Pt4_100,0.096028459
389Pt6Zn6_201,0.12474325
390Fe4Ga4Rh8_100,0.16911522
391As3Cu3Zn3_012,0.081658113
392Ag4Ca8Si12_111,0.065060399
393Ag4Ca8Si12_111,0.059365613
394Pt12Sn12_102,0.087869925
395Ga6Pt4_001,0.111544444
396Ag8Au24_102,0.073789163
397Ag8Au24_102,0.071612546
398Ga3Mn6V3_111,0.213428416
399Ga6Pt10_110,0.107400702
400Ga16Os8_011,0.141024079
401Al20Mo4_100,0.111336134
402Al26Os8_110,0.110255552
403Ag12Sn4_001,0.058069265
404Co3Ga6Ru3_111,0.150528903
405Ge24Mo12_110,0.137376497
406Ni12Sn16_021,0.087498824
407Pd8Sb8_101,0.061802192
408Ca24Zn8_221,0.040093098
409Cu4In4Pd8_100,0.10905064
410Au12Ca12_112,0.057209822
411Ca6Pb6_111,0.045907332
412Pt24Si8_11-2,0.139062586
413Pt4Sn4_100,0.071726097
414H24Ti12_201,0.148601374
415Cu8Ga8Pt16_211,0.121346571
416As18W12_11-1,0.12616138
417Al4As4Pt20_201,0.123167678
418Al6Ni4_001,0.17331085
419Ag8Au24_211,0.073659332
420Na4_100,0.008801224
421As16Co16_101,0.13674208
422Al16Ti8_111,0.121961254
423Na4_110,0.020467602
424Au30Sn6_211,0.058256546
425Ge12Pt12_012,0.092070429
426Ir24Si24_210,0.138646903
427Al8Ni16_111,0.153013519
428Co3Si6_111,0.113705895
429Al12Pt8_110,0.098212612
430Cu10Fe10Pt20_221,0.139482905
431Au16Ti16_212,0.112005008
432Mn2Rh4Sb2_001,0.116033417
433Al4Co4_110,0.159894991
434As8Co8_010,0.120348337
435Ag4Ca8Si12_001,0.081273311
436Ir8Si8_011,0.178815113
437Ga6Pt10_110,0.104614903
438In4Pt20Si4_201,0.12832732
439Si12V6_100,0.161612749
440H4V8_100,0.169449911
441Au24Ga12_111,0.05371629
442Al4Ti4_101,0.118080567
443In10Pt10_10-1,0.082482969
444Al24Ti12_201,0.137239184
445Al6Mn6_111,0.145158603
446Ca8Pb8_221,0.042188791
447Al2Sb2_001,0.044979586
448Al2Sb2_001,0.121216174
449Ga4Ni8V4_100,0.158099522
450Ga18Ni12_210,0.103275731
451Cu12Ni6Zn6_210,0.131967456
452As16Co8_021,0.109469819
453Fe3Pt3_100,0.182038159
454Al24Mo9_111,0.154223446
455Pt12Si4_010,0.127479465
456Ga3Mn6V3_111,0.197270246
457Cu8In8Pt16_211,0.107512528
458Rh16Sb8_011,0.117721326
459Ca6Cu30_210,0.08742373
460Au12Ti12_102,0.120948508
461Au8Ca8Ga8_011,0.067742075
462Ca4Zn4_010,0.032141821
463Ca4Zn4_010,0.05433986
464Al8Pd16_011,0.130262651
465Al18Pt12_211,0.12303333
466Co12Sb12_211,0.105769887
467Pt12Si4_11-1,0.137456331
468Au8Ti8_011,0.1263159
469Ca3Cu12In3_111,0.090227418
470Pd18V6_102,0.142075992
471As8Co4_011,0.092575988
472H2V4_001,0.125372531
473Cu4Ga8_111,0.06755933
474Co8Ge8_110,0.145084692
475Al8Au8_001,0.100849034
476Al8Cu4_110,0.074846811
477Al8Fe12Si12_100,0.159543167
478Ir4Mn4_110,0.212735767
479Ga3Ni6V3_111,0.139534123
480Ag4Pt20Si4_201,0.12829829
481Ir6Re18_211,0.241360421
482Ir8Sb16_010,0.122522369
483Al18Pt12_210,0.103788054
484Al12Ni8_110,0.117913976
485Ni24Sb8_201,0.114534629
486Mn2Zn6_100,0.120775467
487Pt8Sb16_100,0.057965894
488Cr4Rh8Sn4_100,0.128815352
489Ag3Zn3_100,0.095929267
490Ag2Ti4_001,0.185042857
491Al12Pd20_101,0.122991683
492Au8Ca8_201,0.050735988
493Au12Ga12_111,0.059683455
494Al4Ni8_001,0.174139174
495Rh4Sn8_110,0.101094175
496Cu3Ga6_101,0.079237175
497As4Fe4Sb4_010,0.113967656
498Al18Cu12_210,0.084696385
499Co12Ti6_111,0.19217543
500Al24Ir8_111,0.106831551
501Al24Ti12_112,0.141787349
502As12Mo8_10-1,0.108799178
503As12W8_100,0.160878944
504Ga12Os6_111,0.130379118
505Ga3Sb3_111,0.049628912
506Sn8Ti16_110,0.096020471
507Ru16Si16_110,0.184068897
508Ca16Cu8_100,0.04510408
509Co4Sb8_011,0.114808469
510As8Co8_110,0.090548464
511Fe6Sb12_012,0.083818797
512As24Co12_102,0.111760776
513As24Fe24_210,0.124787228
514As24Os12_120,0.119743369
515As8Co4_011,0.14241206
516Pt3Rh9_101,0.185285273
517Ca4Cu8Sn8_11-1,0.068894105
518Mo12Si24_212,0.182077045
519Ag4Ca8Ge4_110,0.046468335
520Al6Cu6Pt12_201,0.147809222
521Co4Si8_110,0.123354903
522Ni16Si8_011,0.165849987
523Pt5SiSn_001,0.118349547
524Ca16Si8_211,0.060106763
525As3In3Pd15_102,0.100483212
526H6V12_11-1,0.175615071
527Os6Sb12_111,0.096679264
528Ca4Zn8_001,0.064217266
529As4Ga4_100,0.104960702
530Al8Na8Si8_112,0.051304517
531Ag4Au12_100,0.063103523
532Ni8Si8_010,0.15177411
533Ag4Au12_100,0.063543814
534Pt20Si4Sn4_110,0.125691529
535As12Fe6_110,0.086852019
536Ni16Si8_010,0.146002302
537As8Co8_011,0.116390537
538Cu8Fe16Ge16_210,0.131004947
539Si12V6_100,0.174384787
540Al20Cu20_010,0.089422082
541Cu10In10Pt20_212,0.100818992
542Au16Ca16_210,0.052932282
543Mo12_210,0.216352457
544Rh16Sb8_101,0.113713897
545Rh16Sb8_101,0.123141664
546Ir4Ru4_101,0.196206821
547Au16Ca16_210,0.054932193
548Au4Na8Sb4_010,0.019792268
549Ca2Cu4Sn4_001,0.085185988
550In4Pt20Si4_111,0.117330758
551Al6Mn6_210,0.12021634
552Ge6Na12Zn6_201,0.035416316
553Al16Mo6_100,0.158435025
554Au8Ge8Na8_211,0.048164587
555Pt4W2_011,0.187285661
556Ga12Ti24_210,0.13410208
557Cu6Fe6Pt12_210,0.157892503
558Co8Ge8_110,0.110943668
559Ru12Sb24_121,0.089725175
560Ni12Sn16_22-1,0.087330111
561Cu18Si6_211,0.103801509
562Os4Sb8_001,0.138304129
563Al4Cu12_010,0.138314491
564Al4Au8Cu4_100,0.099381491
565Ga8Pt24_100,0.141742905
566Cu8Sn8_110,0.066089831
567Au8Cu8Zn16_201,0.078429001
568Al24W6_021,0.100859841
569As4In4Pt20_111,0.111423017
570Al18Cu6_201,0.081313006
571Au24Pd8_111,0.084092572
572Al10Cu10_100,0.121505903
573Ir8Ru8_2-12,0.211319982
574Cu4Ni2Zn2_100,0.12402118
575Ge12Os6_11-1,0.142191954
576Al8Ca12Si8_102,0.081646729
577Pb4Pt20Si4_111,0.100868705
578As32Co32_210,0.105054983
579Ru12Si12_111,0.166166894
580Ni4Sb8_100,0.063699509
581Ag4In8_110,0.050546342
582Al4Cu4Pt8_110,0.142514569
583Rh24Si24_211,0.131330487
584In10Pt10_110,0.085085276
585Pd18V6_211,0.149576968
586Ti18_102,0.147290144
587Ge24Os12_010,0.114515033
588Al16Ru8_111,0.14479458
589As12Mo8_10-1,0.174421546
590Ca2Cu4Ge4_001,0.082120538
591Cu6Ti3Zn3_111,0.138019235
592Ca2Cu4Ge4_001,0.099695507
593Nb12Rh12_11-2,0.158515848
594Ir8Sb16_100,0.069767555
595Ca2Cu4Sn4_001,0.08301096
596As16Rh8_100,0.071214664
597Al16Ru8_111,0.146152738
598Al24Au24_121,0.074151503
599Al18Ni12_201,0.156394284
600Ga20Rh12_100,0.109575084
602Fe8Sb16_021,0.096816023
603Sn16V8_011,0.066972956
604Sn16V8_011,0.068383034
605Al12Sb12_210,0.035803092
606Ir8Si8_010,0.183012244
607Ca8Ge8Pt8_011,0.098560159
608Ag6Ti12_102,0.124576666
609Pd12V4_112,0.125001598
610Re3V6W3_111,0.240190073
611Pd24Si8_010,0.12303331
612Cu4Ni8Sn4_100,0.127937083
613Pd8Ti16_111,0.142204525
614Au8Ga16_211,0.064565408
615Al12Cu8_111,0.089050784
616Ni12Sn16_021,0.09134562
617Co8Ge8_110,0.113411361
618Al6Ni6_111,0.141082249
619Si12V6_001,0.149798661
620In8Ti6_100,0.083824179
621Co8Cr8Ge8_110,0.119724416
622As12Cr12Rh12_110,0.126015013
623Au4Sn16_001,0.048502528
624Ni4Sb8_001,0.086576883
625Co8Si8V8_010,0.207094037
626Ir6Mn6_201,0.203561827
627Al8Ru4_110,0.12219979
628Al3Rh3_100,0.203227668
629Co6Sb12_100,0.078474568
630Ca8Ge16_2-12,0.059948688
631As12Nb6_201,0.12205277
632Co12W4_001,0.197719594
633Ca2Cu10_100,0.101143803
634Al12Au12_201,0.108181662
635Al8Na8Si8_112,0.04510419
636Ga6Pt10_010,0.104043097
637As4Pb8Pd12_111,0.068051574
638Rh16Sb8_010,0.097760593
639Cu3In3Pd6_111,0.105058112
640Ru6Sb12_111,0.088165917
641As4Ca8_001,0.040136819
642Al8Cu4_101,0.083094163
643Co16Ge16_10-1,0.131890201
644Cu2Ga4_001,0.06922001
645In10Pt10_10-1,0.077856869
646Al8Au4_110,0.084650001
647Ca16_221,0.036150837
648Ca4Cu8Sn8_22-1,0.070624318
649Ge16Os8_112,0.103866407
650Ni3Si6_111,0.125805277
651Ni16Sb16_2-12,0.081383629
652Al8Ca12Si8_100,0.068453175
653Ni8Si8_011,0.13419694
654Cu6Pd2_100,0.118244091
655Au4Ge4Na4_001,0.050838111
656Al12Ru6_211,0.156935105
657Rh8Sb16_011,0.09195721
658Ag16Al8_011,0.076837994
659Ni16Si16_221,0.099791091
660Au8Ca4Si8_112,0.063776265
661Ga9Pt15_201,0.102759235
662Si12W6_001,0.139711317
663Cu3Ni6Sb3_111,0.090718736
664Rh16Si8_011,0.155060183
665H8Ti4_100,0.17617735
666Ca3Cu12In3_111,0.092078435
667In16Pt8_211,0.071107232
668Ga20Rh12_100,0.116827584
669Pt8Sb16_110,0.078902986
670Ga20Rh12_100,0.109751898
671Cu12Ge4_100,0.066199972
672Rh8Sn4V4_100,0.124672222
673Fe4Pt4_110,0.172457797
674Au4Cu4Zn8_010,0.069260366
675As4Pb8Pd12_001,0.07424562
676Al4Na4Si4_101,0.04318705
677As2In2Pt10_100,0.10959995
678Pd24Si24_211,0.101790148
679Au2Cu6_100,0.102708022
680Ga20Rh12_100,0.113377014
681As8Fe4_011,0.096518362
682Ga4Ti4_110,0.112474705
683Pb8_211,0.026753075
684Rh4_100,0.169897506
685Au12Ti12_111,0.107080091
686Ni24Si12_101,0.154831264
687Al8Fe12Si12_001,0.194194165
688H8Ti4_110,0.172902633
689In8Pt4_100,0.091243538
690Ru16Si24_100,0.188943653
691Ni4Sb8_011,0.062335685
692Al12Pt12_111,0.155250402
693Al8Fe12Si12_001,0.173022028
694Pd12V6_121,0.157951402
695H6Fe6_111,0.148318456
696Ca8Ge8Pt8_100,0.069850529
697Cu3Ni6Sn3_111,0.1128785
698Ni16Sb16_221,0.079487358
699Al8Ca4Ge8_111,0.060828064
700Ni8Sb8_110,0.07202994
701In20Pt20_22-1,0.086297225
702As4Cu4Zn4_100,0.030425615
703In10Pt10_110,0.088289801
704Pt12W6_211,0.168784455
705Au8Cu24_211,0.102300731
706Cu4Zn4_110,0.096842729
707Mn6Ti3W3_111,0.215603842
708Au4Ge4Na4_001,0.044199609
709Sn4V12_100,0.138413684
710Pt8Zn8_221,0.126959022
711Cu2Ga2Pt4_100,0.121603013
712Al24Pt16_2-12,0.131910312
713Cu4Fe4Pt8_110,0.156961783
714Al24W2_110,0.103815746
715Cu12Si4_100,0.096535214
716Au8Cu4Zn4_100,0.088092522
717As12Co12_012,0.10429203
718Al24W2_100,0.082077486
719Al4Na4Si4_100,0.045867305
720H24Ti12_210,0.167530745
721In18Pd12_210,0.069900528
722Ru8Sb8_001,0.13116119
723Rh16Si8_100,0.14732149
724Cu12Si4_100,0.074825658
725Al3Mn3_100,0.134809749
726Ir12Sn12_210,0.113463671
727Al6Pd4_100,0.097349843
728Pd24V8_201,0.149725997
729Ca12Si12Zn12_210,0.084927387
730Ge16Pt16_201,0.096842875
731Al18Cu12_211,0.078337406
732Al12Pd20_100,0.1126789
733As24Os12_221,0.108802528
734Cu4Ir4Zn8_100,0.124352988
735Rh8Sb16_101,0.079015292
736Rh12Sn6V6_211,0.136133592
737As12Nb6_111,0.124344606
738Au12In8_111,0.06146854
739Ru4Sb8_010,0.120424995
740Al2CaGe2_001,0.062309403
741Rh18Sb6_210,0.138413246
742As12Si9_111,0.072885952
743Pt4Sn8_100,0.069025796
744Au8Ca8Ga8_100,0.064906311
745Ir18Rh6_211,0.204704606
746Sn8_100,0.065442073
747Ca4Ga8_100,0.092232253
748Pd3Ti6_101,0.148896431
749Nb12Rh12_11-1,0.177629813
750Pt16Sb16_2-12,0.066444034
751Ca6Zn2_001,0.035432394
752Co16Sb32_211,0.08269544
753Al6Cu4_001,0.092561392
754Ca8_111,0.036168031
755As24Co24_201,0.103604886
756Ni4Sb8_010,0.077014804
757Ca8Cu16Sn16_011,0.067547502
758As8Fe4_011,0.165574509
759Pt4Sb4_100,0.072258955
760Al6Ni4_001,0.170302174
761Pt6Rh2_100,0.150658612
762Al6Ni4_001,0.116758166
763Ir12Mn12_211,0.218887539
764Ni12Sb12_210,0.074357161
765Pt20Si4Sn4_111,0.125757946
766Cu4Ni2Zn2_001,0.121406152
767Ag8_110,0.074642979
768Al12Ca6Ge12_210,0.061630372
769Nb4_110,0.144553589
770Pt4Sn16_001,0.051639885
771Au24Pd8_201,0.094376881
772H4V8_110,0.20021498
773Cu4Ir4Zn8_110,0.090358104
774Ga8Ir4Rh4_100,0.166089444
775Rh8_110,0.179037392
776Ga8Os4_001,0.126943986
777Ni16Si16_110,0.138430893
778Pd4Ti8_110,0.13566787
779Al18Pd12_210,0.099826626
780Co8Ga4V4_110,0.123064865
781H24Ti12_102,0.141700037
782Pt12W6_121,0.188904704
783Co2Zn6_001,0.100262967
784Al4As4Pt20_110,0.123970677
785Cu6Ni6Sb12_102,0.056333174
786Ni12Sn16_11-1,0.083098769
788Pt4Zn4_110,0.112792035
789Ni12Sn16_11-1,0.094188214
790Ir12Rh4_100,0.206875638
791Si12V6_100,0.188813242
792Ga8Ir4Rh4_110,0.097524379
793Au6Ca6_021,0.059420539
794Fe4Si8_111,0.155859118
795Co12Cr12Ge12_201,0.139465495
796Au12Ti12_021,0.118057549
797H8Ti4_101,0.095946584
798Cu18Pt18_111,0.144388361
799Co8Ga4V4_100,0.170079723
800Al6Fe3Ni3_111,0.17169642
801Ca12Ga24_211,0.0752977
802Al10Cu10_100,0.103002844
803Al6Pd10_001,0.122907554
804Ge12Os6_110,0.123771963
805Fe6Ni6Pt12_102,0.170390361
806Au6In4_001,0.077355637
807Pt16Sn16_2-12,0.088920965
808Al6Cu6Pd12_210,0.117995776
809Fe6Si12_201,0.151517193
810Cu6Ni12Sb6_210,0.087803152
811Ca8Zn16_101,0.060079444
812Al12Na12Si12_210,0.056630165
813Al6Ni10_001,0.146380127
814Ca16Cu8_102,0.048083002
815Nb18Rh18_21-2,0.173349181
816Ca18Zn6_112,0.038716826
817Ni16Si8_110,0.110678388
818Al6Ti6_201,0.13037211
819Al4Au8Mn4_110,0.075511599
820Al6Os6_111,0.210771989
821Al8Pd4_110,0.089446039
822Ge12Os6_110,0.125779357
823Ir4Sb4_001,0.122657713
824Pt8Sn32_100,0.059633638
825Al24Au24_120,0.083200277
826As16Fe8_112,0.118546398
827Cu8Ga8Pt16_112,0.116838476
828Ge12Os6_110,0.100783499
829As12W8_100,0.052481186
830Al6Ti6_211,0.131458385
831Ru8Zn24_100,0.115522389
832Co6Zn18_211,0.108656382
833Ni8Sb16_201,0.073698654
834As6Fe6Sb6_101,0.08829467
835Al24Re2_110,0.119156566
836Al4Sb4_110,0.038414209
837Pb4Pt20Si4_111,0.11381247
838As12Fe12_021,0.140693879
839Os12Sb24_212,0.108618064
840Au4Ti4_001,0.104971672
841As4Pb8Pd12_010,0.065319227
842Al3Os6V3_111,0.226949974
843Ir9Ru9_211,0.223927275
844Ge16Pt16_210,0.090269311
845Pd12Si4_001,0.114761822
846Ca4Cu4Ga2_001,0.046690948
847In6Pd18_102,0.105696974
848Fe4Rh8Sn4_112,0.097260111
849Pt4Sn16_110,0.047842011
850Ca4Ge2_100,0.083361477
851Ir8Sb16_110,0.097946494
852Cu6Fe6Pt12_102,0.152372394
853Al3Fe3_100,0.181376763
854Al18Cu6_211,0.087231821
855Pt8Sn12_100,0.062394965
856Al8Rh8_211,0.149586115
857Pd24V12_212,0.144712296
858Pt24V8_111,0.149640994
859Ag24Sn8_021,0.057898393
860Ge16Mo8_011,0.154567548
861Nb8Rh8Si8_010,0.20257134
862Al8Os8_211,0.175785839
863Al8Cu4_100,0.097151826
864Ga6Pt10_001,0.112436166
865Al6Pd3_111,0.079592624
866Rh4Sn2V2_101,0.137382891
867Nb18Rh18_111,0.152959607
868Al24Au24_221,0.085673743
869Ca8Pd8Si8_11-1,0.076623674
870Cu2Ni2Sb4_100,0.051166883
872Al12Au12_102,0.086900441
873Rh4Sn2V2_101,0.123662304
874Al12Ir4_100,0.127703947
875As12Nb6_111,0.092208406
876Au6Ca6_021,0.062911633
877In10Pt10_110,0.077024683
878Cu2Ga4_001,0.11798737
879Au16Ca8_100,0.063161185
880Ir8Sb16_011,0.095127207
881Pd6Zn6_111,0.113005346
882Zn12_110,0.07982723
883Al8Ti4_010,0.118185567
884Mn4Re4Ti8_110,0.179422794
885H4Ni4_100,0.097046497
886Ag4Al14Ca6_101,0.06576073
887Fe8Si8_100,0.206569708
888Ga9Pt15_111,0.102239564
889Fe8Si8_100,0.169576142
890Al6Rh6_210,0.162353302
891Au20Nb10_212,0.126635797
892Au4Ca12_001,0.042917274
893Ag12Sn4_010,0.074374146
894Ca4Si4Zn4_100,0.104961879
895Fe6Pt6_201,0.169701329
896Si16W8_111,0.168386521
897Al6Co12Si12_210,0.13885168
898Ga12Pt20_112,0.106192143
899Rh16Sb8_100,0.106292131
900Ru12Sb12_101,0.127653231
901Al12W6_100,0.126665398
902Nb8Rh8Si8_100,0.189414266
903Pt4Sn6_001,0.054819086
904Ca10_2-12,0.037010675
905Ni24Sb8_021,0.106041547
906Al6Au12_102,0.080885919
907Rh16Si16_110,0.17421526
908Ca8Cu16Sn16_21-1,0.070194857
909Mn8Zn24_211,0.109760327
910Al12Pd8_110,0.095790454
911As4In4Pd20_201,0.104949695
912Pd12Sb4_100,0.091474622
913Ir20_221,0.182169299
914Fe3Si6_101,0.122112881
915Ca16Zn16_121,0.048253349
916As8Co8_010,0.132847388
917Ca8Cu8Ga4_112,0.05679465
918Ru8_101,0.265017214
919Ca4Cu8Sn8_010,0.063884855
920Cu12Ga4_100,0.124944729
921Ca8Cu16Sn16_120,0.063664372
922Si12V6_100,0.161576285
923Ca8Zn16_100,0.070102931
924As16Zn8_010,0.041916607
925Ni8Si16_211,0.09886456
926Al8Fe12Si12_100,0.169128252
927Co16Ti8_110,0.171492752
928Al8Fe12Si12_100,0.181545567
929Ca2Cu4Sn4_100,0.052903974
930Ni16Sb16_201,0.089176665
931Au6Na12Sb6_021,0.042150503
932Cu12Si4_100,0.134189046
933Al12Ca6_111,0.067110757
934As16Zn8_100,0.04118894
935Al16Au16_010,0.075312649
936Pt12Si12_111,0.098610215
937Ge8Na16Zn8_112,0.046050687
938Ca8Cu8Ga4_112,0.068562324
939Al8Ti4_010,0.109462524
940Pt18V6_211,0.165467004
941Ni12Sn16_11-1,0.094741286
942As24Nb12_011,0.117121746
943Fe4Sb8_011,0.125693616
944Cu3Ga6_100,0.079161554
945Pt12Si12_111,0.094920114
946Co8Ga4Ni4_110,0.152516437
947Cu4Ni8Sb4_100,0.102640614
948As4Fe4Sb4_001,0.081810443
949As8Ca16_112,0.044392338
950Al24W6_021,0.124992212
951As8Fe8Mn8_110,0.11069474
952Al12Pt12_111,0.134441407
953Pd24Si8_010,0.122369365
954Pt24Si8_111,0.146523084
955As8Ca16_110,0.051094977
956H16Ti8_112,0.117320314
957Ca6Zn30_210,0.077113583
958Co6Zn18_211,0.108012609
959Al24W12_111,0.14840655
960Cu3In3Pd6_111,0.093661505
961Al16Pt16_110,0.135308032
962Au12Nb6_102,0.106511998
963Au12In8_110,0.051678414
964Ag2Pt10Si2_100,0.117068465
965Si12V6_100,0.188873467
966Ni6Sb6_100,0.100813092
967Pt4Sb4_100,0.044852341
968H8Ti4_001,0.179607589
969Al8Mo3_001,0.168712402
970Pt4Sb4_001,0.079425684
971Al2Na2Si2_001,0.12374217
972Al24W12_201,0.150739796
973Pt8Zn8_211,0.118619168
974Fe8Ge16_211,0.086787711
975Ca6Pb2_110,0.052029911
976Ti30_212,0.142765408
977Ru16Si16_110,0.158515038
978Nb12Rh12_20-1,0.145047435
979H12Ti6_100,0.129139034
980As8Fe8_010,0.158371387
981As8Fe4_010,0.145139549
982Cu6In6Pd12_210,0.098592546
983In10Pt10_001,0.096295746
984Al6Ti6_210,0.133618194
985Au20Sn4_110,0.076285837
986Ir12Si12_110,0.144347758
987As8Fe4_010,0.13845349
988Rh16Si16_11-1,0.134844336
989Al24W12_110,0.132005047
990Pb16Pt8_001,0.048991306
991Ru8Zn24_112,0.104031046
992As8Os4_001,0.106523268
993Ca4Ga4Ge4_001,0.143133302
994Ca8Pd8Si8_11-1,0.085181493
995Au6Pd2_100,0.089565347
996Al6Na6Si6_102,0.038296449
997Ga8Pt4_110,0.075374527
998Ru12_110,0.244138008
999Ru8Zn24_112,0.107047726
1000Fe4Rh8Sn4_110,0.140046282
1001Cu2In2Pt4_001,0.115697925
1002Co4Ga8Ru4_110,0.125474877
1003Au8Na16Sb8_112,0.040868799
1004Al8Cu8Pt16_212,0.124914929
1005Ag4Ca8Si12_100,0.074710108
1006PbPt5Si_001,0.147548286
1007Ca16Cu16Ga8_201,0.06557572
1008Cu6In6Pt12_210,0.113993409
1009Al6Au12Ti6_210,0.102857565
1010Cu4Ga8_110,0.065521093
1011Ag8Al4_110,0.071654239
1012Co24Ge24_221,0.128130268
1013Ga12Ni8_110,0.090907958
1014Ca4Pb2_100,0.068986861
1015Ir4_100,0.193844008
1016Al18Pt12_102,0.141102335
1017As12W8_10-1,0.151597281
1018As12Nb6_11-1,0.13371463
1019Al26Os8_11-1,0.114858165
1020Mo12Si24_210,0.17335985
1021Fe8Ni8_112,0.191117331
1022Co8Ga4Ni4_100,0.15130726
1023Fe2Si4_001,0.161679983
1024Pt16Sb16_221,0.060687647
1025Al18Rh4_001,0.112895092
1026Cu6Ga12_201,0.07386418
1027Ga20Rh12_100,0.105770313
1028Al6Au12Cu6_210,0.082340886
1029Co6Sb12_101,0.101566013
1030As12Fe6_101,0.10597449
1031Ru6Sb12_012,0.093237271
1032Nb8_211,0.158251741
1033Al16Mo6_100,0.160642341
1034Pt12Si12_021,0.113668246
1035As12Mo8_10-1,0.149002017
1036Rh8Si8_001,0.169763087
1037Al24Pd16_2-12,0.118312195
1038Ni2Pt2_001,0.150189507
1039Cu6Pd6_210,0.128184681
1040Ca8In4Pt8_100,0.069479458
1041Al16Cu8_001,0.09843585
1042Ag3Pt15Si3_101,0.135282103
1043H24Ti12_111,0.149095523
1044Ca12Cu4Sn14_11-1,0.053040597
1045Al16Ni32_201,0.163513209
1046Fe8Ge16_100,0.114944556
1047Au16Ca16_012,0.059946506
1048Ga6Ti6_210,0.122787005
1049Ge24Mo12_101,0.12612026
1050Rh8Sb16_011,0.096981495
1051As4Cu4Zn4_010,0.070493017
1052Au16Ca16_012,0.057865747
1053In10Pt10_001,0.085436513
1054Pt8W4_112,0.177869953
1055Ge24Mo12_101,0.166583793
1056Ni24Si24_210,0.143919749
1057Ir12Si12_110,0.146984434
1058Pt4_100,0.135812535
1059Au16Nb8_211,0.13227029
1060As4Ga4_110,0.041882761
1061Pt4Re12_100,0.290944721
1062Al8Co8_211,0.17783051
1063Au12Ti12_012,0.132422907
1064As16Co16_101,0.133699431
1065Ga8Ti8_221,0.125749607
1066Al12Au24_210,0.072124252
1067Rh16Si16_110,0.161972662
1068Al8Ca12Si8_010,0.061155087
1069Nb18Rh18_120,0.162529632
1070Pb4Pt20Si4_201,0.111215422
1071Au6Cu3Zn3_111,0.089268166
1072Ca8In4Pt8_100,0.075541827
1073Al12Au12_201,0.087147845
1074Cu3Ga6_101,0.033150029
1075Ag18Pd6_211,0.087071534
1076Cu12Sn12_210,0.068644408
1077H16Fe16_211,0.163739238
1078Au16Ca8_211,0.061458613
1079Al24Re2_110,0.115150744
1080Pt4Sn16_111,0.04086868
1081Ni12Sb4_010,0.096857409
1082Ca4Zn8_001,0.064689249
1083Pd4Zn4_101,0.087094952
1084Cu8Ga16_221,0.066137977
1085Ca4Cu20_102,0.100534754
1086Ag6Ca12Ge6_210,0.066741687
1087Ga10Rh6_001,0.123645087
1088Ni8Sb16_110,0.081941393
1089Ga10Rh6_001,0.112704291
1090Au4Ca12_010,0.050450332
1091Co6Pt6_210,0.176735577
1092Ir16Sn16_2-12,0.115597284
1093Al18Pt12_210,0.115243766
1094As4Mn4_001,0.150610434
1095Al18Rh4_001,0.111307178
1096Ni4Sb4_001,0.090125219
1097Ca8Pd8Si8_011,0.095962904
1098Au3Rh3Zn6_111,0.105023971
1099Al8Fe12Si12_001,0.174638896
1100Al12Ru2_001,0.098352948
1101Nb6Rh6_100,0.173160944
1102Ca8Pd8Si8_011,0.099967848
1103Ag2Ca4Ge2_100,0.076365356
1104Ge32Pt32_211,0.089419771
1105Ag16_211,0.076624106
1106Ca8Zn8_100,0.044272386
1107Al8Sb8_110,0.03496912
1108Ti30_221,0.147293853
1109Ge16Pt16_110,0.088965176
1110Al18Ni12_102,0.150899362
1111Co24Ge24_210,0.119538498
1112As8Fe8Mn8_111,0.135257011
1113Al3Cu6Ti3_111,0.137579508
1114Si4W2_001,0.164365133
1115Si24W12_111,0.176870473
1116Sn16V8_111,0.081152888
1117As6Mn6_100,0.105356884
1118Ca6_100,0.031966292
1119Co16Cu8Ge16_201,0.118030659
1120Cu6Pt2_100,0.1281068
1121Cr8Ti4_001,0.213571733
1122Ni8Si4_001,0.13311583
1123Cr8Ti4_001,0.212583164
1124Au4Ca4Ga4_001,0.075048312
1125Mo8_211,0.211912097
1126As12Fe12_012,0.146739098
1127Rh16Si16_101,0.136895817
1128Rh16Si16_101,0.154124019
1129As24Os12_102,0.139687578
1130Pb4_100,0.0277853
1131Ni12Sn16_101,0.069565815
1132Al18Co4_001,0.121756028
1133Ca12Cu12Ga6_121,0.062253515
1134Al3Ni3_100,0.158850276
1135As24Fe24_201,0.142746453
1136Sn12Ti24_210,0.107611091
1137Al4Sb4_100,0.03292042
1138Rh8Sn4_001,0.133952729
1139Au4Ge4Na4_001,0.05396795
1140Co16Si16V16_101,0.206451225
1141Cu3Ga6_101,0.033150029
1142Si12V6_100,0.174444074
1143Rh8Sn4_001,0.111047151
1144Ca4Zn4_110,0.047621486
1145Fe30Pt10_221,0.189121501
1146Ag4Pt20Si4_111,0.108564536
1147Cu6In6Pt12_102,0.112474186
1148Fe10Pt10_212,0.175924047
1149Ca4Zn4_110,0.057479481
1150Au4Ge4Na4_011,0.082791328
1151H8Si8_110,0.059374254
1152Co6Sb12_101,0.083246689
1153Ag8Al4_010,0.078575
1154Ir8Sb8_101,0.088047162
1155Au4Sn4_100,0.060804279
1156As3In3Pt15_102,0.106227031
1157Au8Ca4_001,0.074895106
1158Al4Ru2_001,0.118295872
1159Os12Sb24_211,0.099621817
1160Al6Pd4_001,0.143205032
1161Pd24V8_111,0.139591987
1162Ge4Na8Zn4_110,0.026921354
1163Co8Sb16_010,0.10999223
1164As8Si4Zn4_001,0.076389386
1165Fe4Pt4_101,0.142890556
1166Pb8Pd4_110,0.061585598
1167Al3Mn3_001,0.175332809
1168Os6Sb12_012,0.10204745
1169Pd16V8_102,0.153661838
1170Au8Sn32_100,0.042748265
1171Al4Ru2_001,0.214348327
1172Ir8Sb8_110,0.072602885
1173Al4Ca6Si4_001,0.107598596
1174Al24Re2_110,0.088342919
1175Fe8Rh16Sn8_111,0.121898874
1176Ni16Si8_100,0.141154442
1177H8V16_22-1,0.17993957
1178Ag18Sn6_111,0.059531902
1179Co6Si12_210,0.145506551
1180Al12Na12Si12_211,0.055794213
1181Ru18_211,0.235329765
1182Au16Ca8_211,0.062813162
1183In8Ti6_100,0.079434041
1184As8Fe4_001,0.09452008
1185Pt12V4_112,0.130526342
1186Au4Na8Sb4_001,0.041151251
1187Al12Cu4_111,0.095987056
1188Ca2Ge4_001,0.159879609
1189Ru4Sb8_001,0.080824769
1190Cu12Sn12_102,0.066486591
1191Co12Ga6V6_210,0.153978061
1192Al8Ru4_112,0.162187038
1193Al24Ir8_2-12,0.111682926
1194Au8Na16Sb8_112,0.038823086
1195Ca12Cu4Sn14_110,0.053625979
1196Ag12Sn4_110,0.055583401
1197Ge16Mo8_010,0.139643655
1198Ga6Pt4_001,0.077014454
1199Au4Cu4Zn8_100,0.067955918
1200Pd4Sb4_100,0.05783544
1201Pd6Ti12_102,0.136820353
1202Rh8Sb16_100,0.068524027
1203Al12Au6_210,0.099453152
1204Au18Pd6_211,0.089695016
1205Cu4Ga4Pt8_101,0.118611151
1206Pd16Sb16_2-12,0.064935862
1207Re20_2-12,0.239190694
1208Al12Cu4_111,0.084794848
1209Al6Pt4_100,0.130308096
1210Ca8Pd8Si8_10-1,0.070544361
1211Au18In12_210,0.051273527
1212Ca8Pd8Si8_10-1,0.089204642
1213Pt4W2_001,0.207376779
1214Cu10In10Pt20_221,0.104687535
1215Pt8Zn24_111,0.087533551
1216Al4Au8Mn4_100,0.112601546
1217Al6Cu6Pt12_102,0.142947994
1218As12Fe12_101,0.150991532
1219Pt12Rh4_110,0.15210011
1220Ge8Os4_001,0.123419197
1221InPt5Si_001,0.138122851
1222Fe12Sb24_102,0.095829967
1223Al16Ru8_101,0.138283782
1224As8Fe8_011,0.12935079
1225Al2CaGe2_001,0.14184436
1226Ni8Si8_010,0.166160535
1227Pt4Zn4_101,0.105725956
1228Fe3Ni3_100,0.205454971
1229H16Ti8_211,0.138424948
1230As16Co8_110,0.119774793
1231In10Pt10_110,0.094873426
1232Al8Cu8Pt16_211,0.135455226
1233Rh8Sn16_001,0.086253911
1234H4V8_110,0.181166279
1235Pt16Sn24_2-12,0.066930085
1236As12Ca24_211,0.054666379
1237Pd24Si24_210,0.103606477
1238Al8Fe12Si12_001,0.168848007
1239Au4Ca4Ga4_010,0.061956117
1240Rh16Si16_11-1,0.149126981
1241Ca10Pb10_212,0.044460102
1242Ge8_110,0.077377932
1243Al2As2Pt10_100,0.111875729
1244Cu6_111,0.104324821
1245As4Co4_001,0.137788079
1246Ga4Ti4_101,0.112000754
1247Ge16Os8_112,0.112134777
1248Cu3Ni6Sb3_111,0.100139191
1249Co8Si8_100,0.184238538
1250Nb6Rh6_001,0.154532518
1251Pd8Zn8_112,0.102025948
1252Co8Si8_100,0.140480554
1253Pd6Ti12_211,0.146445067
1254Ca12Ge6_210,0.066630455
1255Rh8Sn16_112,0.067781918
1256Mo8Si16_100,0.193872634
1257Pd8Sn24_110,0.055303679
1258Ge4Na8Zn4_110,0.06150904
1259Pt8Zn8_112,0.115483874
1260As16Nb8_10-2,0.109753953
1261Ir8Sb16_011,0.111672861
1262Au4Sn16_001,0.04249306
1263Ir8Mn8_112,0.211471088
1264Au12Ca12_112,0.050059553
1265Al18Ni12_210,0.134076739
1266Pd8Sn24_001,0.05564037
1267Fe9Ni9_211,0.194033551
1268Ga8Ti16_110,0.124709853
1269Al18Cu6_102,0.072969567
1270Cr16Ti8_100,0.188362612
1271Pt12Sb12_210,0.051996387
1272Pt16Sn24_110,0.063580134
1273Pd30Sn10_221,0.100704596
1274Cu12Sn12_211,0.069010462
1275Ni20Si20_212,0.131586323
1276Al20Cu20_10-1,0.095338962
1277Al18Cu6_210,0.088213891
1278Mn8Sb8_110,0.102557811
1279As3Ga3_111,0.065916566
1280Ga12Pt8_110,0.069932412
1281Co8Cu4Ge8_010,0.12280555
1282Pt16Si16_110,0.106062393
1283Cu3Ir3Zn6_111,0.100198673
1284H6Ti3_111,0.223094216
1285Ge8Pt8_011,0.090773939
1286Au8Sn32_100,0.040309233
1287Al4Na4Si4_101,0.040846554
1288Pt16W8_111,0.176314379
1289Al12Pt20_011,0.13347199
1290Co8Cr8Ge8_111,0.125806342
1291Au4Sn16_110,0.038324527
1292Ag12Ti24_201,0.127625783
1293Au4Ca12_010,0.044853579
1294Pt12W6_012,0.188000032
1295Al24W2_110,0.119530763
1296Ga6Ir3Rh3_111,0.130098991
1297Ga6Ti6_201,0.124173221
1298Al6Fe3Ir3_111,0.209816709
1299Al12Pt8_111,0.124285776
1300Al12Cu8_111,0.083258514
1301In6Pd4_001,0.069996698
1302Ga20Rh12_010,0.09034574
1303Pt12Si12_021,0.129883318
1304Pd8Si8_010,0.12218956
1305Co12Si12_111,0.166094965
1306Si4W2_001,0.252770513
1307Ga4Ni4_110,0.083066717
1308Ca4Si2_100,0.085880413
1309Ge4Na8Zn4_100,0.064867512
1310Ni12Sb12_211,0.0805327
1311As12Fe12Sb12_121,0.088264057
1312Pt12Si4_010,0.126732798
1313Ni6Sb6_100,0.065068229
1314Ca12Ga24_210,0.065728143
1315As24Os12_212,0.134414992
1316Ca12Ga24_210,0.080818275
1317Fe6Si12_211,0.142168715
1318Ge12Pt12_111,0.080179918
1319Ir16Sn16_221,0.109741843
1320Co8Si8V8_100,0.204934201
1321Ni8Sb8_101,0.079176437
1322H4Rh4_100,0.098947954
1323Ru4Sb8_011,0.089149566
1324Co16Ge16_10-1,0.123736431
1325Cu6Ga12_201,0.069809519
1326Ge4Na8Zn4_010,0.02334628
1327Al12Ni8_111,0.13757887
1328As16Fe16Sb16_201,0.095851823
1329Ca6Zn30_111,0.06748027
1330Ga4Ni8V4_110,0.126330313
1331Ga6Pt10_100,0.12403004
1332Co12Cr12Ge12_102,0.138728272
1333Ca6Cu12Sn12_112,0.069465861
1334Os6Sb12_100,0.095304765
1335Nb8Rh8Si8_011,0.203183952
1336Co6Sb12_012,0.08072865
1337Co4Zn12_112,0.082455955
1338Ca16Cu8_011,0.036293368
1339In2Pt10Si2_100,0.126532288
1340Co12Cr12Ge12_211,0.123910959
1341Pt4Sn6_001,0.073313837
1342Au8Ge8Na8_211,0.050916478
1343Pt8Rh24_201,0.181479545
1344Au6Cu3Zn3_111,0.085718729
1345Pd3Ti6_101,0.137842318
1346Cu18Pd6_210,0.128511578
1347Sn16V8_111,0.073984167
1348Au6Pd18_111,0.093921461
1349Ag12Ti24_212,0.134029193
1350Rh12Si12_110,0.137859131
1351In6Pt3_111,0.096395351
1352Al6Cu18_111,0.094845836
1353H12V24_121,0.168910739
1354Au10Ti10_122,0.129789191
1355Al12Ru2_001,0.090303581
1356Ir24Rh8_201,0.212935155
1357As8Fe8Sb8_112,0.095799048
1358As4In4Pd20_111,0.097190361
1359Al18Pd12_211,0.112317844
1360Pt12Sb12_210,0.061360392
1361Al16Ti8_011,0.138606075
1362Pd4V2_001,0.14342525
1363As8Fe8Mn8_101,0.134326222
1364Rh12Si12_012,0.167450309
1365Pt12Si4_110,0.139588114
1366Al16Ru8_110,0.18594305
1367Al4Cu8Mn4_100,0.137673889
1368Au4Cu12_110,0.106100506
1369Cu12Pd4_110,0.116033263
1370Ca12Zn12_221,0.051522514
1371Cu4Ni4Sb8_110,0.058745164
1372Co16Cu8Ge16_201,0.125526558
1373Ag4Al14Ca6_101,0.069208626
1374Ga12Pt8_111,0.087545744
1375Co24Ge24_210,0.135492867
1376Au12Nb6_102,0.101677532
1377Ir8V24_110,0.214692715
1378Ir8V24_110,0.232862291
1379Al4Mn4_110,0.125914807
1380Al3Cu6Ti3_111,0.133509314
1381Pt16Sn24_2-12,0.074286676
1382Ru8Si12_001,0.167709309
1383Ni8Pt8_221,0.159391115
1384Ga24Pt16_221,0.081223934
1385Al4Ti4_100,0.131495894
1386Pt8Sn12_101,0.066722145
1387Pd9Sb3_111,0.085282059
1388Pt8Zn24_201,0.101472128
1389Ir12Sb12_210,0.081382431
1390Ca8Pb4_110,0.039465049
1391Al32Ru16_201,0.177505844
1392Mn4Rh8Sb4_101,0.084106628
1393Rh12Si12_100,0.125427154
1394Na24Sn8Zn4_010,0.023392834
1395In10Pt10_10-1,0.085670189
1396Ir3Mn3_100,0.218858512
1397Pd16V8_111,0.152563695
1398Ir4V12_100,0.200663195
1399Pd12Ti24_201,0.145793263
1400Rh8Si4_001,0.157329963
1401Au4Ge4Na4_001,0.065896453
1402Cu16_211,0.121967154
1403In4Pt20Si4_111,0.127543275
1404Rh8Si4_001,0.152025653
1405Ag16Al8_100,0.059123532
1406Al16Mo6_100,0.138178947
1407Ge8Pt8_010,0.096130974
1408As12Co6_101,0.106075235
1409Ag16Al8_100,0.09547613
1410Fe8Si16_221,0.145789334
1411Ca2Cu4Sn4_110,0.060367651
1412Au8Ti8_011,0.137481954
1413In6Ni6_100,0.106940792
1414Ni8Si8_110,0.073012159
1415Au8Ti8_011,0.132100628
1416Co8Ge8_100,0.111233072
1417Cu24Ge8_021,0.084185353
1418Rh16Si16_011,0.144954091
1419As4Fe4Mn4_001,0.217248889
1420Ca4Ga4Ge4_001,0.067689243
1421Pd6Zn6_102,0.103593254
1422Ga6Mn12V6_210,0.174569164
1423Pd24V12_210,0.142708956
1424Al18Cu6_201,0.0805586
1425Cu3Pt3_001,0.111047214
1426Re24_221,0.229004922
1427H8Si8_111,0.056128397
1428Co16Cu8Ge16_210,0.124682746
1429Al8Fe12Si12_001,0.168242304
1430Ag12Pd4_110,0.084624523
1431As12Co6_111,0.096353646
1432Ca8Cu4_001,0.061710385
1433Ag8Al4_110,0.071147804
1434In4Pd12_112,0.089734719
1435Pd8V4_010,0.163229989
1436H8V16_10-1,0.18600017
1437Pd16V8_111,0.146805534
1438Rh8Si8_010,0.174248335
1439Rh8Si8_010,0.128959013
1440Al24W2_110,0.086447925
1441Au8Ca8_100,0.049998962
1442Pt8Si8_001,0.133900454
1443Pt20Sb4Si4_201,0.116995363
1444Ca12Cu4Sn14_11-1,0.052586438
1445Ca8Si8Zn8_2-12,0.077779869
1446Ir4Mn4_101,0.177835474
1447Al8Ir8_211,0.164612628
1448Ag8Ti16_111,0.135509289
1449Pd9Sb3_111,0.093081752
1450Au12Ga12_110,0.080266364
1451Pt4Sn4_001,0.11496258
1452Au12Ga12_110,0.051904469
1453Ca12Zn4_111,0.041476212
1454As16Os8_112,0.131929885
1455Ca6Pb2_100,0.042792947
1456Au8Ti8_110,0.113523467
1457Ni20Si20_122,0.132532574
1458Al8Fe12Si12_010,0.197263811
1459Ag4Ca8Si12_001,0.093133857
1460Ca12Cu12Ga6_121,0.069154933
1461Ca12Si12Zn12_210,0.092770256
1462Ir6Re18_102,0.2194186
1463Ge24Os12_021,0.112250189
1464Al18Pd12_210,0.109514544
1465Ru8Sb8_011,0.12014688
1466Rh12Si12_012,0.180436879
1467Cu6Fe6Pt12_111,0.116866444
1468Al3Sb3_111,0.121741607
1469Ca16Zn16_101,0.047160946
1470Al6Pt4_001,0.101419991
1471Co8Sb16_021,0.088966587
1472Au4Cu4Zn8_010,0.107098768
1473As16Rh8_011,0.100566042
1474Ru12Sb24_211,0.090081941
1475Rh16Sb8_010,0.123504657
1476Al6Co6_111,0.18962418
1477Co6Sb6_100,0.085256134
1478Sn12Ti24_210,0.108855641
1479Ca12Zn12_120,0.051141121
1480Pb16Rh8_211,0.061838757
1481Mn2Rh4Sb2_100,0.113979607
1482Cu4Sn4_100,0.06504056
1483Pd6V3_101,0.155583211
1484Al8Ca4Ge8_110,0.056813053
1485Ag3Pt15Si3_101,0.125367298
1486Ni12Sn16_11-1,0.074136079
1487Cu12Ni6Zn6_201,0.129772392
1488Au4Pd12_110,0.116886429
1489As12Fe12_101,0.099908036
1490Ti12_110,0.133050886
1491Au8Cu4Zn4_110,0.072917684
1492Au3In3Pd6_111,0.092264799
1493Os12Sb24_120,0.096824417
1494Cu24Si8_111,0.092320778
1495Cu8Ni8Sb16_2-12,0.067799176
1496Cu12Pt4_110,0.124161978
1497Si12W6_100,0.194573582
1498Ca8Ge4_110,0.046917191
1499As12Si12_100,0.035856997
1500Pd8V4_110,0.136397707
1501As12Si12_100,0.105770766
1502Nb18Rh18_21-2,0.170402388
1503Ca8Ge16_111,0.061974562
1504Au8Ca8_111,0.042765422
1505Au8Ca8_111,0.062888323
1506Ni12Sn16_111,0.078543788
1507Co6Ga3V3_111,0.148366435
1508As8Fe4_001,0.157217835
1509Au8Ca4_101,0.073832009
1510Ca2Cu8In2_100,0.07846665
1511Ca2Cu8In2_100,0.089088155
1512Pd12V4_110,0.14785118
1513Pt24W12_201,0.187885267
1514Al18Ni12_201,0.151283065
1515Ir6Sn12_210,0.081401767
1516Sn16V8_010,0.076723384
1517Ca8Si8Zn8_110,0.076693136
1518Ru8Si8_100,0.150310499
1519Ru8Si8_100,0.188295982
1520Au15Sn3_001,0.051428545
1521Fe10Ni10_212,0.190852813
1522As8Fe8_011,0.143099923
1523Al4Cu12_110,0.120436646
1524Rh16Si16_110,0.141254581
1525Al8Pd16_101,0.128917539
1526Fe8Ge16_112,0.090836475
1527Al3Au6Ti3_111,0.096082829
1528Cu2Ga2Pt4_001,0.132839111
1529Rh16Si16_110,0.154930365
1530Cu12Ge4_010,0.11717366
1531Cu6Ir6Zn12_210,0.114203126
1532Co4Sb8_010,0.091380243
1533As12Nb6_201,0.132372671
1534Pb6Pt18_210,0.096439672
1535Cu12Sn12_102,0.078877606
1536Ni12Si12_012,0.14123855
1537Al4Au8_112,0.0592166
1538Au8Ca24_100,0.043768248
1539Ge16Pt16_110,0.091150088
1540Ag6Ti12_102,0.126694653
1541Fe12Ga10_001,0.137739851
1542Cu12Ti6Zn6_210,0.137821536
1543Cu12Si4_110,0.096253569
1544Al24Ni8_100,0.104556511
1545Au8Ca8Ga8_101,0.07511041
1546H12Ti6_211,0.155227653
1547Al24Ni8_100,0.093563534
1548As12Cr12Rh12_110,0.132180909
1549As8Ca16_100,0.035083464
1550Ca4Cu4Ga2_001,0.073963927
1551As4Pb8Pd12_111,0.065635355
1552Sn4Ti8_100,0.119620039
1553Cr6Rh12Sn6_102,0.118454126
1554As16Co16_2-12,0.107748305
1555Ca12Cu12Sb12_210,0.071294367
1556Ag8In16_001,0.05083376
1557Al10Sb10_221,0.050186572
1558Ca8Si4_110,0.047807642
1559Al16Ti8_011,0.140050304
1560Sn8Ti16_2-12,0.122260759
1561Ga6Pt3_111,0.11164087
1562Rh8Sn4V4_112,0.091396465
1563Ni8Si8_101,0.149418525
1564Ni8Si8_101,0.151564173
1565Ni8Si8_101,0.140861965
1566Fe8Si16_001,0.148878896
1567Ni6Sn8_110,0.081260792
1568Ga10Ti10_212,0.12690979
1569Au4Ti4_010,0.105127665
1570As8Os4_001,0.170330093
1571Pt8W4_010,0.205177397
1572As4In4Pt20_201,0.118831316
1573Pt12Sn12_210,0.07869343
1574Pt8Si8_011,0.104382368
1575Ge16Mo8_011,0.125013188
1576As4Fe4Sb4_011,0.149303276
1577Ca4Cu8Sn8_10-1,0.089052203
1578Ir24Si24_221,0.142981635
1579Au4Sn16_010,0.037871065
1580Fe6Ni6Pt12_201,0.168504154
1581Co12Sb24_120,0.075751401
1582Al24W6_110,0.125161069
1583H6V12_010,0.17752089
1584Al8Ru4_112,0.159049456
1585Pb16Rh8_001,0.060118356
1586Co12Ga6Ni6_211,0.159191571
1587Ru16Si24_100,0.151449319
1588Al8Ca12Si8_112,0.059055114
1589Ru8Zn24_110,0.115535734
1590Cu12Ga4_001,0.083326064
1591In24Ti18_201,0.078226287
1592Fe4Sb8_010,0.109325547
1593Ir12Si12_100,0.13270067
1594Au8Sn8_110,0.048156172
1595Ru16Sb16_110,0.115024744
1596Pt16W8_021,0.210157489
1597Co16Ge16_111,0.128932981
1598Ir8Si8_011,0.13957247
1599In18Ni18_210,0.093876377
1600Nb18Rh18_211,0.169708251
1601Al12Cu6_210,0.105484482
1602As18W12_111,0.11663523
1603Al16Cu8_211,0.105588569
1604Co12Ga6Ni6_211,0.160260632
1605Au4In4Pd8_110,0.07580842
1606Ca8Cu4_001,0.070728184
1607Ca8Cu4_001,0.026657726
1608Pt20Si4Sn4_111,0.113850223
1609Au20Nb10_212,0.126533356
1610As24Co12_212,0.107541971
1611Fe4Ni12_110,0.184408904
1612Os6Sb12_101,0.133767107
1613Pd8Zn8_211,0.106168529
1614Cu24Pd8_211,0.115871112
1615Ru12Sb12_101,0.089421015
1616Au8Ge8Na8_121,0.046836986
1617Al6Pd4_100,0.123466043
1618Ni3Pt3_100,0.172582457
1619Ir32Si32_211,0.13648398
1620Pd4Zn4_110,0.09139459
1621Ca8Zn16_101,0.062581799
1622Cu6Zn6_111,0.097805537
1623Rh16Si16_021,0.155808966
1624Ga6Pt4_100,0.069544142
1625Co12Sb24_212,0.088903315
1626Zn4_001,0.009443904
1627Si24W12_111,0.138922807
1628Al8Pd16_011,0.119120964
1629Fe8Ge16_001,0.112848796
1630Pt8Sn8_110,0.078204172
1631Ga18Ir4_001,0.091344054
1632Ga8V24_110,0.16550475
1633Cu10Ni10Sb20_212,0.064652749
1634H4Si4_001,0.2078861
1635Ga12Ti24_102,0.130723797
1636Rh8Si8_010,0.180839695
1637Ge8Pt8_010,0.098190505
1638Ga18Pt12_210,0.07393787
1639Co8Cu4Ge8_001,0.111381007
1640Ga10Pd26_110,0.111635096
1641Nb12_210,0.155306901
1642As12Fe12Sb12_221,0.082363112
1643Co12W4_100,0.221913457
1644Pt6W3_101,0.19573621
1645Ca16In8Pt16_010,0.061406543
1646Pb16Pt8_112,0.04184823
1647Cr6Rh12Sn6_211,0.138673359
1648Al12Cu8_110,0.069739554
1649Pt18V6_102,0.153320883
1650Al12W6_100,0.156173349
1651As4Fe4Sb4_001,0.126097304
1652Al12Pd8_111,0.108326769
1653Co16Si16V16_101,0.202419741
1654Co12W4_100,0.206045632
1655Mn4Re4Ti8_100,0.188174515
1656Rh8Sb4_001,0.112716587
1657Al12Ru6_111,0.170695366
1658Co12Ti6_111,0.18133144
1659Cu12Sn12_210,0.071611533
1660As8Fe8Mn8_101,0.145170981
1661Ca2Zn10_100,0.066206938
1662Al10Mo2_001,0.103701908
1663Ca15Pb5_221,0.049108817
1664Cu10Ga10Pt20_212,0.112618041
1665Rh8Sb16_010,0.072623885
1666Fe6Rh12Sn6_211,0.134449685
1667Ir8Sb16_100,0.113497876
1668Al8Fe4Ir4_110,0.159977223
1669As12Fe12Mn12_211,0.127569738
1670Al8Au8_101,0.098840891
1671Fe4Ga4Rh8_110,0.116110422
1672Ga20Rh12_010,0.099655162
1673Cu12Ni6Zn6_111,0.10350544
1674Fe4Ni4Pt8_101,0.162318127
1675Al4Cu12_001,0.115188096
1676Au3_111,0.055517144
1677Al24Cu16_221,0.081641995
1678Mo6Si12_211,0.163032968
1679Al8Na8Si8_201,0.05838396
1680As6Fe6Sb6_110,0.073413389
1681Ag8Al4_001,0.060123685
1682Cu4Ga4Pt8_110,0.087612106
1683Sn12Ti24_211,0.117726819
1684Al8Au4_100,0.095600303
1685Al6Fe6_210,0.172895846
1686Al8Ru4_001,0.131452704
1687Al24Ir8_110,0.091258736
1688Cu8Ga16_112,0.075200677
1689As8Fe8_010,0.151930635
1690AsInPt5_001,0.090077343
1691Ni12Sn16_111,0.077667084
1692Pt4Sn8_110,0.043263724
1693Ca16In8Pt16_010,0.071910508
1694Pt16Sb16_201,0.071836541
1695Co8Sb16_100,0.100988778
1696Pd8Sb8_110,0.056298532
1697Pt6Zn6_102,0.112570276
1698Co4Cr4Ge4_001,0.104441081
1699Co8Si8V8_010,0.22918978
1700Cu8In8Pt16_112,0.10347635
1701Ag12Sn4_010,0.047214912
1702Au12Pd4_110,0.089501442
1703As4Pb8Pd12_010,0.070395476
1704Ca2Cu4Sn4_100,0.083906704
1705As4In4Pd20_201,0.107345477
1706Al16Cu8_100,0.099367697
1707Ge16Mo8_011,0.135610834
1708Pt12W6_211,0.17293952
1709Al6Pt4_001,0.128317311
1710Al8Mo3_001,0.147449132
1711Fe4Sb8_001,0.11612269
1712Ca4Zn20_110,0.070536226
1713As24Co24_211,0.103301138
1714Ge12Os6_201,0.127173002
1715Rh8Sb4_001,0.106320092
1716Pt8Si8_010,0.110309798
1717Ga4Mn8V4_110,0.16760876
1718Pt3Sn6_111,0.070319494
1719Ca8Cu8Ga4_010,0.066246887
1720Cu3Ir3Zn6_111,0.145676439
1721Nb12Rh12_110,0.169045659
1722Rh12Sn6V6_102,0.114542882
1723Au12Nb6_210,0.138656318
1724Si8W4_112,0.184910687
1725Pd12Si12_012,0.106368119
1726Os8Sb16_110,0.083348769
1727As18W12_111,0.131751242
1728Pt4Sn16_111,0.05160049
1729Ni16Si16_112,0.159974787
1730Au4Ca4Ga4_001,0.074934714
1731Ni8Sb16_112,0.067381596
1732Al6Au12_211,0.070358791
1733Ir6Ru6_111,0.2205919
1734As6Fe6Sb6_111,0.089011515
1735Au4Ca4Ga4_001,0.069532178
1736Ag18Pd6_102,0.084729965
1737Pd12V6_121,0.154426785
1738In3Pt15Si3_102,0.124819985
1739Ir8Sb16_011,0.107244155
1740Fe8Ge16_100,0.090751461
1741Ag16Al8_011,0.075423465
1742Au4Ge4Na4_011,0.065896886
1743Co8Cu4Ge8_001,0.156892436
1744Al16Mo6_100,0.145627174
1745Pt12Si4_001,0.123418415
1746Au4Ca12_001,0.034997256
1747Al12Pt6_210,0.11059898
1748Au8Ga8_010,0.082858564
1749Cu18Ge6_111,0.093176863
1751Pt4Sn4_100,0.103845865
1752Zn12_111,0.066845617
1753As4Pb8Pd12_111,0.069370263
1754Ga8Sn16V16_001,0.114057899
1755Al4As4Pt20_111,0.112527323
1756As8Co8_011,0.106549665
1757Co4Sb8_001,0.109174428
1758Pt12Si4_001,0.132031469
1759Al8Ti4_110,0.126957829
1760Ru24_221,0.241916269
1761Ga8Sn16V16_001,0.102216151
1762Pt4Sn6_001,0.105261275
1763Ga18Ni12_102,0.121764047
1764Al12Pt20_010,0.141000359
1765As8Fe8Mn8_101,0.137907333
1766Al10Pd10_221,0.108715544
1767Ir9Ru9_210,0.225678875
1768Al8Fe12Si12_010,0.157798395
1769Al6Cu4_001,0.106090404
1770In18Pd12_211,0.073116931
1771Ga12Ti24_211,0.140419253
1772Au4Ge4Na4_110,0.046468841
1773Pt8Sn16_211,0.050717973
1774Ru12_111,0.234804987
1775Au16Ti4_100,0.117353819
1776Ga18Pt12_102,0.106765877
1777Ag4Ca8Si12_001,0.099438086
1778Pt12Si4_010,0.133878234
1779Au6Ti6_100,0.124827518
1780H6Ni6_111,0.106787295
1781Au8Ga8_010,0.061712884
1782Ca4Cu8Sn8_101,0.07514053
1783Nb18Rh18_021,0.165441378
1784Co16Si16_110,0.148629196
1785Au8Ga8_010,0.076440968
1786Fe8Sb16_100,0.080031447
1787As24Nb12_010,0.110394987
1788Rh24W8_102,0.199740777
1789Au6In4_001,0.053649928
1790Ca4Cu4Ga2_011,0.070028752
1791Fe12Sb24_212,0.092261413
1792Al12Ni4_001,0.110293295
1793Au16Nb8_2-12,0.119974812
1794In24Ti18_111,0.080929597
1795As4Pb8Pd12_111,0.062544236
1796Pb10Pt30_221,0.084486546
1797Al3Cu9_111,0.113753959
1798Al16Mo6_100,0.160130042
1799Fe4Ge8_101,0.078690717
1800Ga6Ni10_010,0.122548878
1801Fe8Si16_001,0.195509967
1802Ni12Si12_100,0.128504013
1803Nb6_100,0.161680312
1804Ni12Sb24_121,0.059741679
1805Co8Sb16_110,0.061155687
1806In8Pt4_110,0.065205812
1807Os8Sb16_112,0.107134868
1808Pt16Sn24_111,0.070943581
1809Nb9Rh9_011,0.169369813
1810Rh12Sn6V6_211,0.132397351
1811As8Co8_100,0.087628716
1812Ge24Mo12_101,0.139172129
1813Ni24Si12_211,0.139963141
1814As8Co8_001,0.134286756
1815Ir8Si8_010,0.176692014
1816Al12Ru6_211,0.144090101
1817As12Nb6_11-2,0.103163258
1818Ni20Sb20_212,0.080589235
1819Pb16Pd8_112,0.045571863
1820Pt12Sn12_210,0.088578849
1821Al12Ir4_100,0.105652272
1822Al12Pt8_111,0.112909921
1823Al2Na2Si2_001,0.016510535
1824Au8_110,0.081315771
1825In6Pd18_211,0.109080928
1826Ga12Pt6_210,0.0875419
1827Ni12Sn16_22-1,0.089593397
1828As4In4Pt20_201,0.115555982
1829Al16Pt8_211,0.106284956
1830Ca6In2_100,0.03653045
1831Pt24Si8_100,0.127914228
1832Fe2Si4_001,0.221785955
1833Au6Na12Sb6_021,0.04055433
1834Pd18Sb6_210,0.086871736
1835Ni18Sn24_210,0.084070211
1836Au4Sn16_111,0.034816818
1837As16Rh8_10-1,0.11236092
1838Al8Ti4_110,0.132294612
1839Al20Cu20_10-1,0.117487868
1840Co8Pt8_112,0.166423867
1841As12W8_10-1,0.189774291
1842Ga9Ni15_021,0.139118382
1843Ti18_201,0.133629187
1844Co16Si16V16_101,0.21659154
1845Al8Pt16_001,0.140295907
1846Pt6V2_001,0.158735294
1847As12Co6_012,0.103127532
1848Al4Ti4_110,0.120120032
1849Al16Pt16_110,0.125116633
1850Au6In6Pd12_210,0.092149536
1851Ru12Sb12_021,0.118899929
1852As8Fe4_011,0.106025259
1853As8Co8_101,0.099644144
1854Al8Au16_111,0.067114179
1855Ga6Ni12V6_210,0.14930386
1856As12Nb6_201,0.139498291
1857Al3Sb3_111,0.058707011
1858Ga18Pt12_211,0.089581845
1859Ca12_212,0.035514869
1860Mn6Rh12Sb6_210,0.112338444
1861Fe6Rh12Sn6_102,0.120939529
1862Ni4Sb8_001,0.060306747
1863Fe6Sb12_111,0.08100041
1864Ge12Pt12_012,0.105052686
1865Al8Pd16_010,0.1174048
1866Pd12Sb4_110,0.075583812
1867Nb12_111,0.159061155
1868Pd4Sb4_001,0.07151554
1869Ru16Si16_110,0.166145829
1870Ca8Zn16_100,0.053047342
1871Pt8Si8_010,0.124884694
1872In18Ni18_201,0.09688998
1873As16Fe8_021,0.129003464
1874Ca12_201,0.033635749
1875As12Os6_111,0.117143053
1876Co2Zn26_001,0.083182032
1877Si24W12_210,0.176992118
1878Al24Mo9_11-1,0.155314126
1879As4Pb8Pd12_111,0.072557012
1880Ti24_211,0.145609862
1881Ca8_110,0.035522914
1882Ca8_101,0.033676996
1883Pt4Rh12_100,0.173739714
1884As8Si4Zn4_110,0.046684622
1885Pb16Rh8_100,0.055347152
1886Ge16Mo8_010,0.16758258
1887Ge4Na8Zn4_001,0.04403995
1888Ca4Cu8Ge8_100,0.071563321
1889Al8Mo3_001,0.147419538
1890As12Nb6_110,0.095615702
1891Ca2Ge4_001,0.06646345
1892As12Nb6_110,0.119508207
1893Ca2Cu4Sn4_110,0.084073097
1894Ca4Zn4_001,0.050590149
1895Ru4Sb8_010,0.112864547
1896Cu4Ni4Sb8_111,0.072226141
1897Ru12Sb24_201,0.100879621
1898Ni8Sb16_110,0.042756833
1899Ca4Ga8_100,0.071986806
1900Ni12Sb4_010,0.141031006
1901Fe6Ni6Pt12_210,0.172405654
1902Ca8In4Pt8_110,0.072470462
1903Pb8Pt4_110,0.059010099
1904Ga16Os8_110,0.136904004
1905As24Co12_211,0.097662156
1906Ru12Sb24_120,0.089710345
1907Al10Cu10Pt20_221,0.133206548
1908Mo2Si4_001,0.155633664
1909Co8Sb16_021,0.087699533
1910As4Fe4Mn4_001,0.180826446
1911Ca4Mn4Sb8_001,0.040067298
1912Au4Ge4Na4_011,0.06498627
1913Ge16Os8_10-2,0.114698143
1914Cu4Ni4Sb8_111,0.068086792
1915Ga12Os6_111,0.117018037
1916Ni12Sn16_010,0.078094569
1917Fe9Si18_212,0.139015822
1918In2Pd6_001,0.106369968
1919Ag6Ti12_100,0.121042642
1920Pd4V2_001,0.176474229
1921Pt6W3_101,0.200403196
1922Rh16Si16_021,0.171042755
1923H10V20_221,0.159741256
1924Au8Ca4Si8_100,0.063321363
1925Ca8Cu8Ga4_100,0.061030406
1926Cu32Pd8_100,0.121614597
1927Ca12Zn4_111,0.041285799
1928Al4Au8Ti4_100,0.112767504
1929Ga12Ni8_111,0.109379967
1930Al8Na8Si8_111,0.045859254
1931Cu4Fe8Ge8_001,0.168342451
1932As8Fe8Mn8_111,0.096241749
1933Ga10Rh6_001,0.113741687
1934Ca4Ge4Pt4_010,0.075401453
1935Ca4Zn20_102,0.080137439
1936Pt8Re24_110,0.262769227
1937Pt8W4_110,0.149593508
1938Ga3Ni3_100,0.136515908
1939Al8Ti4_110,0.138379149
1940Pd12Si12_101,0.119032736
1941Pd12Si12_101,0.080835436
1942Co12Cr12Ge12_102,0.096396792
1943Pt24W12_120,0.184941343
1944Ca12Cu4Sn14_111,0.053184321
1945Si24V12_201,0.167874908
1946Fe2Ni2Pt4_001,0.168490487
1947As12Fe12_100,0.117655904
1948Co12Sb24_201,0.090987511
1949Au8Ti2_110,0.099812356
1950Ca16Cu8_102,0.044851045
1951Pt20Sb4Si4_111,0.097021063
1952Ag8Ti16_111,0.128502831
1953Ru12Sb12_021,0.117184275
1954Pb16Pd8_211,0.051311387
1955Cu30Pt10_221,0.120304727
1956Ca4In2Pt4_001,0.06931315
1957Pd12V6_211,0.144152496
1958Au4Sn16_110,0.037353972
1959Rh8Si8_001,0.155505418
1960Ni18Sb6_111,0.112414495
1961Rh8Si8_001,0.114674246
1962Cu4In4Pt8_110,0.115688971
1963Al24Re2_100,0.08231802
1964Nb8Rh8Si8_010,0.214085445
1965H16Ti8_110,0.119577926
1966Al24Mo9_110,0.172796739
1967Ca8In4Pt8_11-1,0.060570677
1968Ca8In4Pt8_11-1,0.076727739
1969Ag6Ti12_211,0.133073128
1970Ca2Cu4Sn4_001,0.073790921
1971Cu8Zn8_211,0.095635597
1972Nb18Rh18_121,0.16555012
1973Ge8Mo4_001,0.152452377
1974Ge8Mo4_001,0.145779274
1975Al8Ti4_001,0.128891219
1976Al8Ni16_110,0.133118662
1977As18Mo12_110,0.131174348
1978Ir16_211,0.195692045
1979Al3Co3_100,0.219803518
1980Al24Ni8_010,0.108418649
1981Si24W12_212,0.187927731
1982Nb18Rh18_012,0.170364186
1983Al18Cu12_102,0.071627821
1984In10Pt10_001,0.084185258
1985Al3Os6V3_111,0.232238426
1986Sn8Ti16_111,0.120959916
1987Fe4Sb8_010,0.102197921
1988Re18_212,0.24728995
1989Ni24Si12_210,0.132907225
1990Cu3Ni6Sn3_111,0.120751845
1991Ni6Sn8_110,0.078815845
1992Pt16Sn24_201,0.072076112
1993Ni12Sb12_210,0.084496038
1994Al8Fe8_211,0.179511528
1995Ca16Cu16Ga8_212,0.062922287
1996Pb4Pt20Si4_201,0.120196698
1997As4Pb8Pd12_110,0.078329091
1998Al4Mn4_101,0.049419287
1999Al4Os8V4_100,0.224147879
2000Ca12Pb6_210,0.056180556
2001As8Si6_110,0.056948785
2002In24Ti18_201,0.073763712
2003Co6Sb6_100,0.131834869
2004Ni4Pt4_101,0.126174023
2005Co4Ga8Ru4_100,0.171863415
2006As18W12_11-2,0.111140753
2007Ca12_210,0.038063731
2008Co8Ge8_100,0.124569952
2009Au12Ga12_021,0.069526331
2010Ni8Sb8_111,0.084160504
2011Ga12Pt20_112,0.104334994
2012As12W8_10-1,0.12764152
2013Cu18Pt6_111,0.107478645
2014Au6Cu18_210,0.109263243
2015Rh24Sb8_211,0.127027672
2016Si12W6_102,0.197468464
2017Rh16Si16_011,0.158875221
2018Ga18Ni12_210,0.096166158
2019Ir8Sb16_001,0.072813045
2020Al4Cu4Pd8_100,0.125679074
2021H8V16_10-2,0.17977788
2022As16Nb8_10-1,0.123162847
2023Al4Au8_112,0.062695645
2024Ca8Zn16_100,0.06833274
2025Ag4Al14Ca6_101,0.073556341
2026Si12W6_211,0.1963853
2027Ge24Os12_021,0.120781274
2028Pt2Zn6_001,0.103385241
2029Au6Ga12_210,0.066200875
2030Ir12Sn12_210,0.099162604
2031Al6Cu6Pt12_210,0.144884105
2032Fe6Sb12_101,0.082943533
2033Si24W12_110,0.14916223
2034Ca12Zn12_221,0.0530024
2035Al4Ni8_001,0.153056534
2036Si12W6_211,0.165554335
2037Fe6Pt6_102,0.170403043
2038As10Ga10_221,0.055331855
2039Ir24Si24_201,0.142435372
2040Rh16Si8_010,0.168067599
2041Al10Mn10_212,0.122031833
2042As12V20_101,0.094053492
2043Ca4Cu4Sb4_100,0.087739682
2044Al24W6_001,0.151939586
2045Ni12Si12_211,0.122469435
2046Ga24Ni40_101,0.141181828
2047As4Fe4Mn4_001,0.086548069
2048Fe8Pt8_112,0.174357122
2049Al24W6_110,0.139608922
2050Al12Pd20_011,0.118285245
2051Ca8Pd8Si8_011,0.075512934
2052Ge12Pt12_021,0.097367751
2053Ru8Sb8_011,0.10708645
2054Au4Sn4_001,0.06214281
2055Al24Pt16_2-12,0.123140926
2056Ir8Sb16_001,0.113846377
2057Cu6Pt6_110,0.143317785
2058Fe4Rh8Sn4_100,0.126861895
2059Co4Zn12_100,0.104627158
2060Au18Pd6_210,0.096777143
2061Al10Cu10_110,0.108044254
2062Pd18Sn6_210,0.111799459
2063Ca16Cu8_011,0.056854339
2064Ti30_212,0.143283089
2065Ga12Pt8_111,0.090298948
2066Al12Pd20_010,0.118278792
2067Ir8Sn8_111,0.109630202
2068Al8Ca12Si8_012,0.071372002
2069Ga9Pt15_111,0.107227759
2070Cr8Rh16Sn8_111,0.12423704
2071Ir12Sn12_212,0.109375338
2072Fe8Sb16_112,0.089872985
2073Al20Cu20_10-1,0.100579718
2074Ca16Cu8_011,0.035016874
2075Nb12Rh12_20-1,0.198689514
2076As2In2Pd10_100,0.095241778
2077Ga24Ni16_201,0.127809804
2078Nb8Rh8Si8_010,0.193052778
2079Al6Fe6_111,0.207060856
2080H20Fe20_221,0.170264056
2081Pb2Pt10Si2_100,0.109943781
2082As6Fe6Sb6_100,0.085188842
2083Al24Mo9_110,0.153670461
2084Co6Pt6_102,0.157134861
2085Ga8Sn16V16_001,0.111831623
2086H4Fe4_100,0.137756401
2087Mo12_111,0.203476119
2088Pb3_111,0.032527148
2089Al6Ir6_111,0.170296657
2090Ge12Pt12_111,0.08201048
2091Ru8Sb8_010,0.125390908
2092Ca4Si4Zn4_100,0.088757173
2093Ca6Cu12Sn12_11-2,0.071638855
2094Ca6Pb6_210,0.046106197
2095Al8Fe12Si12_001,0.180752892
2096Ga8Sn16V16_110,0.102112922
2097Co4Sb8_010,0.093090057
2098In4Pt20Si4_110,0.125127338
2099Al18Ni12_102,0.153540398
2100Au4In4Pd8_100,0.101361552
2101Co8Cu4Ge8_100,0.107553128
2102Ag4Pt20Si4_110,0.119738434
2103Mo8Si16_111,0.168716959
2104Ga6Ti6_111,0.132498259
2105Pt12Si12_021,0.129527414
2106Au18Pd6_102,0.090367043
2107Al6Au12_100,0.08675408
2108Ca8Cu8Sb8_110,0.060716301
2109Nb8Rh8Si8_011,0.202803655
2110Ga8Ti8_112,0.131846219
2111As12Nb6_110,0.115524569
2112Al4Cu12_010,0.100201555
2113In6Pd4_001,0.08477761
2114Al3Au6Mn3_111,0.100392063
2115Ge4Na8Zn4_010,0.04983736
2116Ir6Mn6_111,0.23051806
2117Pt8Si8_001,0.147052664
2118Rh16Sb8_101,0.11314394
2119Ga6Ti6_211,0.118155743
2120Cu3Pd3_100,0.135993318
2121Ca8Si8Zn8_111,0.077570077
2122Al6Pd10_001,0.124001269
2123Rh8Sb16_011,0.083839425
2124Ag4Ti8_110,0.124671026
2125Al24W6_110,0.128227862
2126Cu10Fe10Pt20_212,0.13423745
2127Rh12Si12_11-2,0.141305013
2128Al12W6_100,0.16847566
2129Al6Ti6_111,0.141729184
2130Nb18Rh18_21-1,0.168083236
2131Al6Pt3_111,0.144376465
2132Al6Cu3_111,0.127030792
2133Ca8In4Pt8_11-1,0.080992666
2134Pt8Si8_001,0.108691976
2135Fe10Ni10Pt20_221,0.151921031
2136Ca8In4Pt8_110,0.080760668
2137Al8Fe4Ir4_100,0.20074086
2138Ca8Pb8_201,0.04039047
2139Al24W6_001,0.11952379
2140Si12V6_001,0.149878154
2141Ag8In16_112,0.039528671
2142As8Au8Ca8_110,0.055417389
2143Ir8Si8_001,0.182424295
2144Si24V12_111,0.180508749
2145As16Co16_201,0.119122517
2146Cu6In6Pt12_201,0.1161499
2147Au16Ca8Si16_111,0.07157785
2148Ir6Re18_211,0.243001823
2149Au4Nb2_100,0.137519086
2150Ir12Sb12_212,0.093527663
2151Fe8Si16_001,0.182049215
2152Ga6Ni4_001,0.142269209
2153Pd8Sb8_111,0.063897623
2154Al24W12_111,0.112527384
2155Ga3Sb3_111,0.102709766
2156Ni8Sb16_021,0.069214788
2157Cu18Ge6_111,0.08988291
2158Ca2Cu10_100,0.078358024
2159Ir24Si24_212,0.159589042
2160As8Cu8Zn8_110,0.022964278
2161Al18Pd12_102,0.124839951
2162As16Pt8_100,0.078751958
2163Al4Au8_101,0.087449964
2164Cu12Ni6Zn6_102,0.132304589
2165Al12Fe2_001,0.092470275
2166Nb18Rh18_12-2,0.16893071
2167Cu24Ge8_101,0.096589633
2168Cu24Ge8_101,0.093512089
2169Ga10Sb10_221,0.043532752
2170Rh16Sn8_100,0.112331387
2171Fe6Si12_210,0.154297539
2172Ca16In8Pt16_22-1,0.071090547
2173As24Os12_121,0.11613372
2174Co8Ge8_100,0.150906739
2175Fe4Si8_110,0.132578735
2176Ga18Pt12_210,0.081772541
2177Al18Pd12_102,0.126248873
2178As16Co8_110,0.067762082
2179Ca4Ga4Ge4_001,0.058195068
2180Al24Ti12_221,0.128465736
2181Ga12Ti24_210,0.137118103
2182As5Cu5Zn5_122,0.033066052
2183Ca4Zn20_102,0.077334966
2184As6Fe6Sb6_111,0.08551267
2185Al6Pd6_111,0.106293673
2186In10Pt10_100,0.086290388
2187In18Ni18_201,0.086182296
2188H12V24_12-1,0.180121177
2189Cu16Pd4_001,0.114347238
2190Ge6_111,0.066526095
2191Au3Rh3Zn6_111,0.091816756
2192Ru12Sb12_012,0.107051191
2193Ag16Al8_111,0.080264512
2194Pt16Si16_110,0.102492826
2195Cu24Ga8_110,0.099020517
2196Rh8Sn4_001,0.126726669
2197Ag4Al14Ca6_101,0.075321089
2198Fe4Sb8_011,0.071361632
2199In6Pt3_111,0.057237066
2200As18Mo12_11-1,0.105333891
2201As12Os6_110,0.097496867
2202Fe24Pt8_211,0.199277419
2203Fe8Si16_112,0.151827039
2204As12Co12_111,0.104188638
2205Fe6Ni6Pt12_111,0.134090987
2206Au4Ca2Si4_001,0.084571105
2207Ga8Pt4_100,0.109753653
2208Ca6Cu12Ge12_211,0.085975602
2209Pd4Ti8_112,0.152393601
2210Fe2Pt2_001,0.180178782
2211H12V24_210,0.182546575
2212As4In4Pd20_111,0.10347998
2213Ru4Sb8_011,0.082508939
2214Ru16Sb16_201,0.112500778
2215Ca3Cu12In3_111,0.089624923
2216Pd24V12_122,0.155640265
2217H16Ni16_211,0.118752764
2218Al3Pd3_100,0.126469148
2219Al6Cu18_210,0.124194251
2220As6Mn6_100,0.13657864
2221Ge4Na8Zn4_100,0.039332936
2222In8Ti6_100,0.09599106
2223Co6Zn18_102,0.10434792
2224Cu4In4Pd8_110,0.081265321
2225H4Si4_001,0.184280618
2226Ge8Os4_001,0.105830998
2227Cu6Ti3Zn3_111,0.137894014
2228Ga18Ni12_211,0.109081755
2229Ru12Si12_111,0.162074521
2230Pt24Si24_210,0.109922941
2231Ge8Os4_001,0.109861103
2232Ca4Cu4Sb4_100,0.080458904
2233Ni12Si12_120,0.098557293
2234As4Pb8Pd12_111,0.059946652
2235In12Ni12_102,0.0952501
2236Cu6Ni6Sb12_211,0.061251587
2237Ag12Sn4_110,0.058684134
2238As12Fe12_021,0.140280645
2239Ti18_111,0.142667247
2240Pb8Pt24_211,0.086954731
2241Al12Ca6_111,0.069944844
2242In24Pd16_221,0.070436689
2243Ge16_211,0.076045454
2244Pb2Pt6_100,0.097612536
2245Au4Ca4_001,0.052725188
2246Ca16Cu8_010,0.041024975
2247Ni6Si6_010,0.114364862
2248Ga20Rh12_100,0.105330372
2249Mn6Ti3W3_111,0.24019391
2250Rh16Si8_010,0.17265102
2251Ag4Pt20Si4_111,0.118871622
2252Co8Cu4Ge8_001,0.118318835
2253Ca16Cu8_010,0.040657932
2254Cu6Ga6Pt12_210,0.106916123
2255Cu8Sn8_111,0.072884662
2256As12Mo8_100,0.156851034
2257Al18Cu6_212,0.079059934
2258Co12Sb12_210,0.098336744
2259Ca16Cu16Ga8_021,0.066600206
2260Rh16Si16_011,0.11770887
2261Al24W6_110,0.123531589
2262Al24W6_110,0.135921917
2263As24Fe12_121,0.106550919
2264Mo4Si8_110,0.153784443
2265Ca6Pb6_102,0.05034297
2266Ag10Au30_221,0.070733913
2267Al12Pt20_011,0.145309974
2268Ru6Sb12_110,0.108799426
2269AsInPt5_001,0.122081982
2270Ga4Pt12_001,0.126790944
2271Au4Ca4_110,0.0503041
2272Ru12Sb12_111,0.103624392
2273Cu18Pt6_210,0.136953749
2274Co2Zn26_001,0.079053143
2275Pd12V6_012,0.153426067
2276Al4Cu8Ti4_110,0.122326738
2277Co12Sb12_201,0.115113111
2278Al10Cu10_110,0.106432167
2279As2Au2Ca2_001,0.057660557
2280Ca16In8Pt16_021,0.065618552
2281As18Mo12_110,0.128081976
2282Au8Ca4_101,0.06668673
2283Au8Ca4_101,0.072369255
2284Al4Ni4_110,0.112344397
2285Ag4Zn4_110,0.077041902
2286In2Pd6_101,0.112448504
2287Ga16Os8_101,0.118421472
2288In2Pd6_101,0.113586882
2289As12Fe12Sb12_121,0.088322834
2290Au3In3Pd6_111,0.090469008
2291Fe6Pt6_111,0.188409446
2292Ge12Pt12_012,0.093216907
2293Si24V12_111,0.139430361
2294Au4Ca4_110,0.060557671
2295Mo8Si16_111,0.171796682
2296Au8Ca4Si8_112,0.089916217
2297Cu24Ge8_110,0.090983589
2298Cu24Ge8_110,0.093475068
2299Co8Si8V8_011,0.221621876
2300Au16Ti4_101,0.105673419
2301Al12Au24_201,0.081706333
2302Al8Ti8_112,0.141248663
2303Ir6_111,0.156707428
2304Ca2Cu10_001,0.096500532
2305Pd24Si8_100,0.119970589
2306Pd24Si8_100,0.118463761
2307Ga8Os4_010,0.149914228
2308Au12Ca12_112,0.052491613
2309Au6In4_100,0.057875273
2310Rh4Sn2V2_001,0.133879078
2311Ca12Si12Zn12_212,0.07894356
2312As4Ca8_001,0.084590417
2313Pd12Si4_001,0.124540575
2314Rh8Sb16_10-1,0.093050829
2315Ag4Au12_100,0.086670126
2316Ag24Al12_112,0.07894398
2317Cu12Si4_100,0.101516582
2318Au2Pd6_100,0.111252417
2319Pd8Si8_001,0.126573235
2320Pd8Si8_001,0.11063487
2321Ca4Ge8_110,0.057051208
2322Al4Ca6Si4_001,0.077002163
2323Au8Ca8Ga8_011,0.080932917
2324Ca2Zn10_100,0.08316112
2325Nb18Rh18_12-1,0.166642927
2326Fe4Ni4_101,0.152323759
2327As12Nb6_11-1,0.10166258
2328Pt8Si8_100,0.107034747
2329Al8Pd4_100,0.114268758
2330As4In4Pd20_110,0.104681661
2331Al6Au12_211,0.074217539
2332As12Au12Ca12_210,0.071601977
2333Ru12Si12_111,0.20619342
2334Ca4Zn4_010,0.061426262
2335Rh32Si32_210,0.131845903
2336H8Ni8_110,0.126663318
2337PbPt5Si_001,0.092879532
2338Sn4Ti8_001,0.109840232
2339Mn16Sb16_2-12,0.091228078
2340Ca8Cu16Sn16_102,0.079480164
2341Pd8Si8_001,0.124419225
2342Ga12Ir6Ru6_210,0.14913676
2343Cu12Ge4_010,0.069715765
2344Mn6Re6Ti12_210,0.192726021
2345Al4As4Pt20_111,0.120923859
2346Pb10_221,0.02660991
2347Ga16Pt8_211,0.081605583
2348Au16Ca16_101,0.04461716
2349Pt12V4_110,0.165450021
2350H8Ti4_101,0.22353697
2351Au4_100,0.071743683
2352Ni8Si8_011,0.144487059
2353Ni8Si8_011,0.14089652
2354Au16Ca8Si16_201,0.073360933
2355Co4Sb4_001,0.129955291
2356Ni8Si8_011,0.149670936
2357Au16Ti4_101,0.110839887
2358Ir8Si8_001,0.156237751
2359Ir8Si8_001,0.191809724
2360Rh16Si8_011,0.157207214
2361Cu4Ni8Sn4_110,0.092190435
2362Ca8In4Pt8_110,0.069401888
2363Rh8Sb16_10-1,0.091018864
2364Al6Pd4_001,0.1300752
2365Ca6Ge12_101,0.057068576
2366Al8Pt8_100,0.105125707
2367Ru8Sb8_100,0.104451092
2368Ni4Si8_110,0.086511496
2369Al8Pt8_100,0.150390313
2370Al2Cu2Pt4_100,0.134786949
2371Si24V12_110,0.150693735
2372Au8Cu8Zn16_021,0.078717892
2373Ge12Os6_201,0.14643071
2374Au8Cu8Zn16_021,0.075940174
2375Cr2Rh4Sn2_001,0.140327502
2376Ni12Sb4_100,0.091568427
2377Ca8Cu16Sn16_10-2,0.077521544
2378Ca4Cu8Sn8_10-1,0.069549417
2379Pd6V3_101,0.15518999
2380Ir4Sn8_100,0.091171342
2381Ca8Cu8Sb8_2-12,0.063634509
2382Ga12Pt8_111,0.08272976
2383As4Fe4Sb4_010,0.103626251
2384As12Co12_021,0.12106888
2385Cu6Ga12_210,0.074096578
2386Co16Si16_110,0.176155727
2387Ir6Rh2_001,0.206519565
2388H8V16_011,0.187918031
2389Ge4Na8Zn4_100,0.054875648
2390Au16Ti16_210,0.121090633
2391In24Ti18_001,0.075537939
2392Au8Ge8Na8_121,0.048938071
2393Ag4Ti8_112,0.127191498
2394As16Rh8_011,0.110504509
2395Cu4Fe8Ge8_010,0.128310144
2396Au12Ti12_102,0.118021468
2397Pt8W4_112,0.193374685
2398Al8Pd8_211,0.10236009
2399Ca4Cu8Ge8_112,0.068686507
2400Re6V12W6_210,0.239755168
2401Al6Co12Si12_210,0.12562513
2402Nb9Rh9_102,0.172816177
2403As12Mo8_10-1,0.130429704
2404Al6Pd4_001,0.100887175
2405Ag4Au12_110,0.077530619
2406Re4V8W4_110,0.214706785
2407Al3Cu3Pd6_111,0.112920435
2408In6Pd18_210,0.107422331
2409Ru6Sb12_100,0.085161105
2410Au10Ti10_122,0.1208584
2411Pd8Sn24_110,0.04832668
2412As24Co12_201,0.111167479
2413As18Mo12_11-1,0.123931111
2414Ca36Zn12_121,0.041007994
2415As12Co12_021,0.116769686
2416Ga12Pt20_011,0.11525715
2417Au8Ge8Na8_100,0.041787993
2418Co4Zn12_110,0.099833391
2419Co12Sb24_121,0.07639709
2420Pt12W6_012,0.185575628
2421Ca12Cu4Sn14_110,0.059797485
2422As4Pb8Pd12_010,0.049958855
2423Al16Ru8_110,0.158425484
2424Ga4Pt12_101,0.111935206
2425Al6Pt4_100,0.09864634
2426Ga16Os8_011,0.17300898
2427Al12Fe2_001,0.100510081
2428Al6Pt4_001,0.165038863
2429Co16Ge16_11-1,0.13680668
2430Pt4Re12_001,0.190083464
2431Os6Sb12_101,0.095606213
2432Ga20Rh12_010,0.133817261
2433Ca8Cu4_001,0.049684639
2434Al4Cu4Pt8_101,0.133559704
2435Mn6Zn18_111,0.091510958
2436Ir12Si4_001,0.180271051
2437Al24Ti12_120,0.137020427
2438As12Os6_101,0.116330408
2439Pb16Rh8_112,0.050417163
2440Rh16Sn8_101,0.120484228
2441Pt8Sb16_100,0.086020837
2442Al4Rh4_110,0.141515496
2443Ca8Pd8Si8_100,0.055787505
2444As16Nb8_10-1,0.11747735
2445Ag6Ti12_211,0.135259568
2446Ag12Pd4_112,0.072079075
2447Ir8Re24_201,0.25076444
2448As16Nb8_10-1,0.074396986
2449As24Fe12_211,0.108628964
2450Ca8Pd8Si8_100,0.073347276
2451Ti18_210,0.141747581
2452Ag24Pd8_111,0.081490288
2453Pd4Sb4_100,0.07758467
2454Al12Ni24_210,0.144167978
2455Ru6Sb12_101,0.090366394
2456Si24V12_110,0.150701784
2457Ir2Ru2_001,0.182463275
2458Al8Fe4Ni4_110,0.142438018
2459Mn6Sb6_100,0.120102241
2460As8Si6_100,0.05135314
2461Rh8Si8_010,0.174204967
2462As16Nb8_112,0.09924185
2463Co16Ge16_101,0.121110451
2464Ge8Mo4_001,0.142710208
2465Si24V12_201,0.162833067
2466Si8W4_112,0.173722849
2467Al8Mo3_001,0.161692238
2468Ca16Zn16_012,0.054334519
2469Rh8Sb16_001,0.064687711
2470As3Ga3_111,0.140370312
2472Al6Ti6_102,0.140907627
2473Ni4Sb8_011,0.0581776
2474Rh8Sb4_001,0.111899193
2475Au6In4_100,0.062476223
2476Zn18_210,0.070248695
2477As8Co4_011,0.097014483
2478Na24Sn8Zn4_021,0.028550958
2479As12Cr12Rh12_110,0.108230294
2480Rh8Sb16_001,0.097643571
2481Rh8Sb16_100,0.099995091
2482Al6Au3_111,0.074678567
2483Ca6Zn30_210,0.069815729
2484Ni10Pt10_212,0.154544414
2485As8Co4_010,0.11685314
2486As8Si6_100,0.104064333
2487As4Fe4Sb4_011,0.087930511
2488Ru18_212,0.229381416
2489Co8Si16_211,0.137855579
2490Ca16Cu16Ga8_210,0.071026629
2491In12Rh4_001,0.072833532
2492Cu6Ga6Pt12_210,0.12952885
2493Ca16Cu8_101,0.048295407
2494Mo6Si12_211,0.1906451
2495Al8Mo3_001,0.182682214
2496Ga8Pt24_100,0.13335821
2497As24Nb12_22-1,0.12345161
2498Co4Pt4_101,0.136258456
2499Al8Ni8_211,0.137163036
2500Au12Pd4_100,0.089804033
2501Rh8Sn16_112,0.074213088
2502Au6Nb3_001,0.110189497
2503As24Nb12_22-1,0.122300211
2504Pt20Sn20_212,0.088002823
2505Ga3Ni6V3_111,0.151340448
2506In12Ni12_102,0.094888759
2507Rh16_211,0.174462384
2508Co4Pt4_110,0.172298103
2509Pt8Sn32_011,0.052316367
2510Ir8Sb16_010,0.080369328
2511In2Pd6_100,0.101696259
2512In12Pd8_111,0.074143231
2513Rh16Sn8_011,0.112890577
2514Ni16Si8_010,0.169855543
2515Ge16Mo8_011,0.149413884
2516Ni16Si8_010,0.1374551
2517Al12Mn2_001,0.103301826
2518Ni4Pt4_110,0.146633631
2519Al6Cu6Pt12_111,0.114285106
2520Fe4Sb8_001,0.075224883
2521In12Ni12_110,0.095903727
2522As16Rh8_100,0.116936386
2523Pd16V8_021,0.16929072
2524Co4Sb8_011,0.073400086
2525Pd12Sb12_210,0.0643382
2526Al12Pd6_210,0.100637218
2527Co16Cu8Ge16_110,0.126546691
2528Co6Ga3V3_111,0.150880304
2529Pt4Sn16_001,0.060904454
2530Ca12Cu12Sb12_210,0.074661947
2531Au12Ga12_021,0.074211958
2532Fe6Pt6_210,0.190248646
2533Ga6Pt10_100,0.130092637
2534Al8Fe4Ni4_100,0.191284948
2535Ir6Mn6_102,0.218033771
2536Nb6Rh6_10-1,0.176725973
2537Ni16Si16_101,0.117324775
2538As6Cr6Rh6_001,0.121402258
2539Al4Cu4Pd8_110,0.101036227
2540Cu2Ni2Sb4_100,0.077738878
2541Au4Ge4Na4_010,0.04576
2542Ca4Pb4_110,0.038047285
2543As8Nb4_100,0.124005442
2544Pt8Sn32_100,0.055851223
2545Au30Sn6_100,0.056659541
2546Mn8Ti4W4_100,0.235913746
2547Pd12Si12_012,0.108318729
2548Al24Ti12_120,0.129036381
2549Cu4Fe8Ge8_001,0.130009644
2550Al8Fe12Si12_10-1,0.132369761
2551Ru4Sb8_011,0.132916493
2552Au6Na12Sb6_111,0.040701534
2553Au6Rh6Zn12_210,0.095369862
2554Al8Fe12Si12_10-1,0.154710107
2555Ir18Rh6_211,0.203744179
2556Al24W6_001,0.151776519
2557Rh16Sn8_101,0.124211869
2558Co4Sb8_001,0.075679313
2559Al18Cu6_211,0.084770036
2560Mo2Si4_001,0.244356875
2561Ca2Zn10_001,0.079940747
2562Ga10Rh6_001,0.103599386
2563Ga8Ir4Ru4_100,0.174884681
2564As8Fe8Sb8_021,0.109914614
2565Pb8Pt4_110,0.032309138
2566Ca9Pb3_111,0.046411337
2567Al24W2_100,0.091503085
2568Al18Co4_001,0.100272496
2569Cu24Ge8_201,0.085857766
2570Al4Ca6Si4_001,0.033932735
2571Al8Fe12Si12_100,0.17260515
2572Cu18Pd6_111,0.100650368
2573Co8Sb16_112,0.086797863
2574Pt10Zn10_212,0.119929211
2575Al16Ti8_111,0.124616828
2576As6Fe6Sb6_101,0.10728466
2577Ca16Cu8_101,0.049050231
2578Ag24Sn8_021,0.060828571
2579Mo6_100,0.221777021
2580Al16Pd8_211,0.09899574
2581Rh8Sn16_211,0.08423267
2582Sn16V8_111,0.076978367
2583Ag24Sn8_021,0.054584298
2584Ru6Sb12_110,0.076190621
2585Au6In4_001,0.042967991
2586Al8Au8_001,0.088023851
2587Ge8Pt8_001,0.116286825
2588Al4Cu8Mn4_110,0.114806681
2589Al8Au8_101,0.085051342
2590Al10Cu10_110,0.107631219
2591As8Ca16_112,0.066197664
2592Ag4Ca8Si12_010,0.074241562
2593Ca16Cu8_101,0.044228218
2594Al9Ni15_201,0.148937665
2595In4Pd12_110,0.100636891
2596Pt6Zn18_211,0.096958282
2597Nb20_221,0.160140124
2598Ru12Sb24_121,0.086172959
2599Mo2Zn14_100,0.10779313
2600As24Os12_120,0.123654118
2601Al6Mn6_102,0.095111941
2602Sn16V8_011,0.091860992
2603As4Au4Ca4_100,0.080676592
2604Rh24Si24_201,0.134879378
2605Ga4Ti8_100,0.14622077
2606Al12Pd20_010,0.125633727
2607Ga16Os8_110,0.158690855
2608Co8Si8V8_001,0.206955969
2609As8Nb4_100,0.098506514
2610As8Nb4_100,0.12420568
2611Ca16Zn16_210,0.048620958
2612Ag2Ti4_001,0.087087233
2613Al4Fe4_110,0.161416496
2614Co2Zn26_001,0.086263108
2615Ag18Pd6_211,0.086070274
2616In12Pd8_111,0.075053427
2617Cu4Ga4Pt8_100,0.128147347
2618Pt16_211,0.13738204
2619Au4Ti4_001,0.167524007
2620Pt16W8_021,0.204428986
2621Co8Sb16_010,0.072306209
2622Ga6Pt4_001,0.09584218
2623Au12Ti12_211,0.115493509
2624Co8Sb16_110,0.088640767
2625Al24W6_001,0.161436462
2626Al4Cu12_100,0.094320664
2627Al6Co6_210,0.185093186
2628Al8Ti8_221,0.134294548
2629Al3Os3_100,0.185682828
2630Rh8Si8_10-1,0.122376851
2631Ge4Na8Zn4_110,0.037367266
2632Rh16Si16_10-2,0.10691726
2633Rh16Si16_10-2,0.155416634
2634Ge24Mo12_111,0.132818205
2635Ga6Ti6_102,0.135506746
2636Al12Au12_011,0.075893334
2637Ni6Pt6_210,0.163067362
2638Co12W4_100,0.271442862
2639Al8Pt4_100,0.124030967
2640Al4Sb4_100,0.090922205
2641Fe12Sb24_211,0.083981784
2642Al9Cu3_100,0.084207743
2643Pd12Sn4_110,0.106249572
2644Pd2Ti4_001,0.19200158
2645Ni8Sb16_101,0.079260246
2646Fe6Ni6_102,0.187696495
2647H12V24_120,0.188593565
2648In20Pt20_010,0.072032727
2649Ca8Pd8Si8_011,0.097256787
2650As12Fe12_012,0.127662784
2651Ru8Sb8_010,0.12987676
2652Ca4Cu8Ge8_110,0.081255561
2653Co8Pt8_221,0.175219139
2654Al16Ti8_100,0.122642468
2655Au12In8_111,0.057339797
2656Cr6Rh12Sn6_211,0.136341493
2657Mo20_221,0.211213463
2658Cu4Pd4_110,0.113006767
2659Co18Sb18_212,0.107287003
2660Pd24Si8_100,0.128748159
2661Mn4Sb4_001,0.122481036
2662Al8Ca12Si8_012,0.083225614
2663Al4Au8_101,0.077365051
2664Ca12Zn12_201,0.048741145
2665Cu6Ni6Sb12_210,0.068969436
2666Cu8Ti4Zn4_100,0.139980126
2667Rh16Si8_010,0.155730917
2668Pt8Sb8_111,0.066038881
2669Fe8Ge16_112,0.091549638
2670Ni16Si8_011,0.140626711
2671Al6Rh6_111,0.164852802
2672Ca8Cu16Ge16_201,0.084194891
2673H8V16_021,0.186293497
2674Ca4Cu8Sn8_021,0.069531754
2675Si12W6_102,0.168675468
2676Sn6V18_111,0.142951458
2677Ag4Au12_001,0.056829108
2678Cr16Ti8_100,0.215949158
2679Al12Pd8_111,0.114176119
2680Ca4Ge4Pt4_010,0.073575785
2681As12Fe6_100,0.103666149
2682Al8Pt16_001,0.131115428
2683As12Fe6_101,0.134937111
2684Fe4Ge8_110,0.140358514
2685Al16Cu8_100,0.096621894
2686Nb18Rh18_210,0.163940927
2687Au8Ca4_001,0.065542872
2688Sn16V8_010,0.077704374
2689Ni8Sb16_101,0.070990373
2690Al24W12_201,0.147415881
2691Fe12Pt4_110,0.196519843
2692As4Fe4Sb4_001,0.138541841
2693Rh12W4_001,0.174923562
2694Mn6Sb6_100,0.086676471
2695Au12Ca12_120,0.054336493
2696Au8Ca4_001,0.063745143
2697Rh16Sb8_011,0.111148126
2698Ni12Si12_121,0.124736398
2699Ga6Ni6_210,0.113309453
2700Ca8Cu16Sn16_12-1,0.070967281
2701Al6Au3_111,0.119421673
2702Ni3Si6_111,0.07652036
2703As16Nb8_112,0.105209883
2704Cu12Ga4_100,0.084144028
2705Ge16Os8_101,0.145594166
2706Cu12Ga4_100,0.088545559
2707Pd9V3_101,0.157851723
2708Pd9V3_101,0.15147513
2709Ir12Sb12_210,0.096514879
2710Cu4Sn4_001,0.079808315
2711Re18_210,0.246130555
2712Cu32Pd8_100,0.124445157
2713As12W8_100,0.181850801
2714In18Pd12_210,0.065224754
2715Fe6Si12_201,0.17281379
2716Pd6Ti12_102,0.131232321
2717Co24Ge24_221,0.136458703
2718Pt4W2_001,0.162551801
2719Co9Pt9_211,0.16611878
2720Co3Pt3_100,0.180561251
2721As12Au12Ca12_212,0.06096368
2722Mn8Rh16Sb8_212,0.082642121
2723Al2Co4Si4_001,0.201673261
2724Ca2Cu2Sb2_001,0.062687729
2725Co6Ga12Ru6_210,0.147171034
2726Pd6Zn6_210,0.105678938
2727As4Pb8Pd12_110,0.067557582
2728Ni12Si12_102,0.138651949
2729Nb18Rh18_21-1,0.166124415
2730Si24W12_201,0.167691037
2731Ca6Pb6_211,0.040602755
2733Au8Ti8_101,0.10768547
2734As6Fe6Sb6_101,0.119979774
2735Pd6Ti12_211,0.151293847
2736Ga2Ti2_001,0.139221805
2737Al2CaGe2_001,0.05708246
2738Al24Pt16_221,0.114730897
2739Pt8Si8_011,0.120408847
2740Pt4Sn16_110,0.050805924
2741Ge6_111,0.129615437
2742H6Ti3_111,0.096952029
2743Ca4Cu8Sn8_101,0.078033963
2744As8Fe8_001,0.160824199
2745Fe6Sb12_110,0.068005277
2746Al24Ru12_210,0.150250551
2747Rh8Sn16_100,0.085010361
2748As18Mo12_11-2,0.109032133
2749Co8Sb16_110,0.099792394
2750Fe6Si12_102,0.137179865
2751Ca12Pb4_211,0.046512425
2752As16Nb8_101,0.139519739
2753Au16Ti16_201,0.126670213
2754Al24Re2_100,0.092693595
2755Al12Au12_110,0.066889156
2756Al12Mn2_001,0.108914738
2757Al12Au12_110,0.10404953
2758As4Au4Ca4_100,0.072060568
2759Cu6Fe6Pt12_201,0.151101418
2760Ga12Ni24_210,0.127909788
2761Cu4Fe8Ge8_001,0.123599807
2762As12Fe12Sb12_211,0.091129896
2763Cu32Pd8_100,0.125037947
2764Cu4_100,0.10642136
2765Ag12Sn4_100,0.043523615
2766Al10Ti10_212,0.136422491
2767Ir4Sn4_001,0.137288757
2768Ir10Mn10_212,0.217366673
2769Ru12Sb24_221,0.083425942
2770As24Os12_211,0.120163349
2771Ge8Pt8_001,0.119127678
2772Co2Pt2_001,0.160091625
2773Pd8Si8_011,0.105186589
2774Ge8Pt8_001,0.090036808
2775Rh8Si8_100,0.12592587
2776Os12Sb24_221,0.089776634
2777Al24W6_001,0.138538288
2778Rh8Si8_100,0.112926402
2779Au4Ge4Na4_010,0.046981422
2780Ag4Al14Ca6_101,0.065545894
2781Cu6Ga6Pt12_201,0.132286358
2782Au12Ca6Si12_211,0.076038225
2783Al4Ca2Ge4_100,0.092293915
2784Nb9Rh9_010,0.157806159
2785As8Fe8Sb8_021,0.101505441
2786Ca4Cu20_102,0.098720434
2787As12Co6_100,0.094193663
2788As24Fe12_212,0.121084908
2789Pd2Ti4_001,0.127759543
2790In8Pd24_211,0.098770392
2791Ni4Sb8_011,0.085860101
2792Ga9Ni15_111,0.124975343
2793Ga12Ti24_102,0.159982976
2794Au8Ca8Ga8_101,0.070411925
2795Au8Ca8Ga8_101,0.079380001
2796Pt15Si3Sn3_102,0.123578503
2797Cu6In6Pt12_111,0.088329362
2798Ag4Pt20Si4_201,0.122509829
2799Ca2Si2Zn2_001,0.063890603
2800Al4Os8V4_110,0.192302041
2801Ru4_001,0.196049493
2802In12Pd8_111,0.074413436
2803Ga20Rh12_10-1,0.097825958
2804Ga20Rh12_10-1,0.087011026
2805Al6Pd6_210,0.112462311
2806Ca18Zn6_112,0.042462331
2807Na12Sn4Zn2_100,0.034794585
2808Mn6Rh12Sb6_201,0.098235035
2809Co8Cu4Ge8_011,0.114926769
2810Al6Ni10_110,0.146877975
2811Co12Sb12_210,0.114468459
2812Au12Pd4_112,0.074184363
2813Pt24Si8_10-1,0.135621912
2814Fe4Si8_111,0.145533319
2815Al12Re2_001,0.104316493
2816Al24Ni16_221,0.131362964
2817Al16Mo6_100,0.152792466
2818Pt5SiSn_001,0.145834483
2819Pt6_111,0.122439751
2820Al16Cu8_112,0.085739563
2821Ga4V12_100,0.155243115
2822Au20Nb10_221,0.136406086
2823In6Pd4_001,0.091558227
2824Ca2Pb2_001,0.068739414
2825Ga4Sb4_100,0.07565255
2826Cu4Ga8_111,0.067129082
2827Sn8_110,0.046530216
2828Ir12Si12_111,0.137303901
2829Al6Fe3Ni3_111,0.178805956
2830Au4Ge4Na4_110,0.055221855
2831Cu24Si8_102,0.101131597
2832In8Ti6_100,0.091125173
2833Cu24Si8_102,0.098860693
2834Cu24Si8_102,0.09781719
2835Au4Rh4Zn8_110,0.079265236
2836Cu12Si4_001,0.07921122
2837Rh8Sn4V4_110,0.1329309
2838Ge16Pt16_101,0.071009167
2839Al12Pt20_010,0.132859131
2840Ca6Ge12_101,0.085376187
2841Rh16Sb8_010,0.092325484
2843Cu9Pt9_211,0.146806587
2844As12Co6_101,0.126629277
2845Ir8Sn8_101,0.110014129
2846Cu8Fe16Ge16_110,0.136219347
2847Ni12Si12_012,0.138371876
2848Al9Ni15_111,0.147236588
2849Rh16Sb8_010,0.121711095
2850Rh16Sn8V8_111,0.121234346
2851Ir6Mn6_210,0.231495273
2852Ga16Os8_100,0.139662387
2853Ga3Ti3_100,0.133969407
2854Pd18V6_211,0.151672892
2855Pt8Sn12_100,0.087056925
2856Ti18_102,0.149469495
2857Mn8Ti4W4_110,0.202146837
2858Pd12Si12_012,0.115856415
2859Zn18_211,0.06481602
2860H12Si12_201,0.059068809
2861As16Nb8_10-2,0.132537565
2862Al6Os6_210,0.173913648
2863Ge16Mo8_010,0.130552176
2864Pt16Si16_101,0.084842576
2865Ni12Si12_201,0.146219127
2866Pt16Si16_101,0.131105151
2867In6Ni6_100,0.086166705
2868Cu8Fe16Ge16_101,0.123326443
2869Pd24V12_201,0.153407895
2870Cu18Si6_211,0.102469555
2871Ga8V24_110,0.162197122
2872Au12Ca6Si12_211,0.083499025
2873Al16Cu8_211,0.084224369
2874Cu6Ga12_102,0.072420691
2875Au4Ca4Ga4_010,0.063529167
2876Co6Pt6_111,0.174989737
2877Pt24V8_201,0.165435886
2878Sn16V8_001,0.073985598
2879Pt6Zn6_210,0.121097163
2880Cr4Rh8Sn4_112,0.097490115
2881In6Ni6_001,0.08415127
2882As2Au2Ca2_001,0.057751218
2883Al18Co4_001,0.120855415
2884Au4Cu4Zn8_001,0.086216612
2885Fe3Si6_101,0.176529416
2886Si24V12_111,0.139450684
2887Ir2Mn2_001,0.239768835
2888Cr8Rh16Sn8_201,0.132490923
2889Au3Ga6_111,0.084224756
2890Ru18_210,0.239123643
2891As8Os4_010,0.14657466
2892In12Pd8_110,0.061656833
2893Al8Fe12Si12_001,0.168837152
2894Rh8Si8_011,0.168527775
2895Au4Sn4_100,0.047064045
2896Rh8Si8_011,0.145359671
2897Pb16Rh8_211,0.045551201
2898Ni12Si12_210,0.097118425
2899Ir12Rh4_112,0.165107871
2900Ag8Al4_010,0.071774827
2901As8Co8_100,0.137980089
2902Pd12Si12_111,0.095373908
2903Co2Zn26_001,0.08350419
2904Pd8Ti16_111,0.149031636
2905Al8Fe12Si12_010,0.130649532
2906Zn8_100,0.04837131
2907Al12Pt12_111,0.135487526
2908As12Fe12_012,0.120846225
2909Ni8Pt8_112,0.153117858
2910Ir16Si16_021,0.17329558
2911Co12Sb24_210,0.081856802
2912Mo4_110,0.199217412
2913Ir16Si16_021,0.166602976
2914Pb8Pt4_101,0.042408738
2915Pt24W12_210,0.162347463
2916As4Pb8Pd12_110,0.061967069
2917Ni6Si6_100,0.118114681
2918Pt12Sn12_211,0.084542944
2919Ca8Pd8Si8_010,0.0744023
2920Ga12Ni8_111,0.111334658
2921Al8Fe12Si12_100,0.158509704
2922Ca8Pd8Si8_010,0.077823325
2923Ag3Zn3_100,0.095929267
2924Ga12Ni8_111,0.107276025
2925H8Fe8_110,0.181985696
2926Cu8Ni8Sb16_221,0.06697166
2927Ru8Sb16_112,0.096783575
2928Ru4Sb8_001,0.126085377
2929Si24W12_201,0.167647892
2930InPt5Si_001,0.122968179
2931Ir12Si12_012,0.189123694
2932Ga10Rh6_001,0.096679336
2933Cu8Ni4Zn4_101,0.126179893
2934Au24Ga12_111,0.055527164
2935Pt8_110,0.14739519
2936Al6Ni6_210,0.14566299
2937In4Pd12_100,0.10079184
2938Ni12Si12_021,0.142496123
2939Al9Cu3_101,0.076318915
2940In4Pd12_110,0.106654654
2941Ca4Zn4_110,0.051577227
2942Ga6Pt18_211,0.122894918
2943Al6Cu4_001,0.111241303
2944Al9Cu3_101,0.076866877
2945Nb12Rh12_201,0.170583954
2946As8Co8_001,0.088820492
2947Ca2Pb2_100,0.053041622
2948As8Co8_001,0.140000606
2949Pb8Pd4_101,0.048342328
2950Au4Na8Sb4_010,0.04961033
2951Ga6Ni10_110,0.141854828
2952Ca8Pd8Si8_100,0.101211817
2953Pd4Ti8_112,0.141908497
2954Pb16Pt8_211,0.050233597
2955Pt6Sn12_210,0.054168044
2956Al4Os4_110,0.160866398
2957Rh12W4_100,0.177246115
2958Rh12W4_100,0.200015341
2959Fe18Pt6_210,0.216636791
2960Rh12W4_100,0.237747492
2961Al24Mo9_111,0.150052449
2962Cu6Ni6Sb12_210,0.05850505
2963Al24Ti12_221,0.129056215
2964Ga6V18_111,0.152529208
2965As16Rh8_10-1,0.100522536
2966Nb8Rh8Si8_011,0.184630878
2967Ni12Si12_012,0.128588802
2968Ca4In2Pt4_001,0.081499408
2969Pd12V6_211,0.144680524
2970H8V16_110,0.147021397
2971Au8Sn32_011,0.04155388
2972Al6Cu6_111,0.087097214
2973Al6Cu6_210,0.067432858
2974Al8Cu8_211,0.072132437
2975Al6Cu4_100,0.08714123
2976Al3Cu3_100,0.109655372
2977Al4Cu4_110,0.067752867
2978Al6Cu18_111,0.118398343
2979Al8Cu24_101,0.121109842
2980Al12Cu36_102,0.115150544
2981Al10Cu30_212,0.116446492
2982Al8Cu24_110,0.118861137
2983Al12Cu36_210,0.112251372
2984Al8Cu24_112,0.103905147
2985Al30Cu20_212,0.087471166
2986Al8Cu24_211,0.118807883
2987Al6Cu18_210,0.11008974
2988Al20Cu20_11-1,0.101635663
2989Al10Cu30_122,0.117896483
2990Al15Cu15_20-1,0.098596574
2991Al12Cu36_012,0.141238395
2992Al16Cu48_221,0.122595768
2993Al15Cu15_111,0.105746434
2994Al18Cu6_112,0.088868242
2995Al40Cu40_221,0.110518293
2996Al20Cu20_22-1,0.108435633
2997Al20Cu20_10-1,0.117492609
2998Al18Cu6_211,0.087138511
2999Au12Pd4_110,0.090764332
3000Al40Cu40_120,0.103586757
3001Al24Cu12_210,0.086588321
3002Al20Cu20_112,0.099369321
3003Al32Cu16_102,0.097742073
3004Au18Pd6_211,0.089731327
3005Al24Cu12_201,0.085889784
3006Al32Cu16_212,0.086906174
3007Al30Cu30_102,0.113554581
3008Au36Pd12_212,0.087709166
3009Al30Cu30_21-2,0.096764432
3010Au36Pd12_210,0.096141593
3011Al24Cu12_111,0.088871609
3012Pd24Sb8_211,0.076619752
3013Al40Cu20_221,0.094940102
3014Ag20_221,0.069960631
3015Ag3_111,0.06509798
3016Pd20_221,0.120748507
3017Al12Cu36_120,0.102651676
3018Cu8Ga16_221,0.066392849
3019Cu9Ga18_212,0.071134008
3020Cu6Ga12_210,0.074749233
3021Cu4Ga8_110,0.065840531
3022Cu6Ga12_210,0.074749232
3023Cu8Ga16_221,0.066577129
3024Al24Cu16_221,0.082709088
3025Al40Cu40_121,0.110920277
3026Al60Cu60_012,0.111067694
3027In12Pd36_210,0.111869423
3028Al24Pt24_210,0.116861207
3029In8Pd24_111,0.101779988
3030In8Pd24_201,0.110860696
3031Al20Pt20_221,0.143662296
3032Ag20_212,0.069894144
